variety,total_weight,trial,program
A03921.2,364.07,2011_ID,Idaho
ND060735.4Russ,397.6,2011_ID,NorthDakota
ND060735.4Russ,420.06,2011_ND,NorthDakota
A03921.2,416,2011_ND,Idaho
A03921.2,735.95,2011_WA,Idaho
ND060735.4Russ,572.97,2011_WA,NorthDakota
A03921.2,771.7,2012_ID,Idaho
ND060735.4Russ,531.31,2012_ID,NorthDakota
AO02183.2,873.62,2012_ID,Idaho
ND060735.4Russ,169.88,2012_ME,NorthDakota
ND060735.4Russ,196.66,2012_ND,NorthDakota
AO02183.2,183.58,2012_ND,Idaho
A03921.2,154.55,2012_ND,Idaho
ND060735.4Russ,624.23,2012_WA,NorthDakota
AO02183.2,856.39,2012_WA,Idaho
A03921.2,800.02,2012_WA,Idaho
AO02183.2,266.26,2012_WI,Idaho
ND060735.4Russ,200.56,2012_WI,NorthDakota
A03921.2,252.65,2012_WI,Idaho
W9742.3rus,NA,2013_ID,Wisconsin
A06084.1TE,618.42,2013_ID,Idaho
AO06070.1KF,950.26,2013_ID,Idaho
ND060735.4Russ,314.43,2013_ID,NorthDakota
A03921.2,803.05,2013_ID,Idaho
AO06070.1KF,NA,2013_ME,Idaho
A03921.2,NA,2013_ME,Idaho
A06084.1TE,NA,2013_ME,Idaho
W9742.3rus,NA,2013_ME,Wisconsin
ND060735.4Russ,359.13,2013_ME,NorthDakota
ND060735.4Russ,59,2013_MI,NorthDakota
W9742.3rus,NA,2013_MI,Wisconsin
A06084.1TE,48,2013_MI,Idaho
A03921.2,56,2013_MI,Idaho
AO06070.1KF,52,2013_MI,Idaho
A03921.2,456.38,2013_ND,Idaho
A06084.1TE,326.81,2013_ND,Idaho
ND060735.4Russ,97.62,2013_ND,NorthDakota
W9742.3rus,NA,2013_ND,Wisconsin
AO06070.1KF,342.2,2013_ND,Idaho
A06084.1TE,628.33,2013_WA,Idaho
A03921.2,726.73,2013_WA,Idaho
ND060735.4Russ,667.79,2013_WA,NorthDakota
W9742.3rus,690.85,2013_WA,Wisconsin
AO06070.1KF,816.41,2013_WA,Idaho
AO06070.1KF,NA,2013_WI,Idaho
A03921.2,296.21,2013_WI,Idaho
A06084.1TE,267.71,2013_WI,Idaho
W9742.3rus,334.32,2013_WI,Wisconsin
ND060735.4Russ,208.91,2013_WI,NorthDakota
A03921.2,584.44,2014_ID,Idaho
A03921.2,514.76,2014_ID,Idaho
A06084.1TE,391.96,2014_ID,Idaho
A06084.1TE,393.69,2014_ID,Idaho
AW07791.2rus,438.99,2014_ID,Idaho
AW07791.2rus,518.24,2014_ID,Idaho
AF4953.6,493.85,2014_ID,Idaho
AF4953.6,465.12,2014_ID,Idaho
AF4950.2,566.15,2014_ID,Idaho
AF4950.2,532.18,2014_ID,Idaho
AF4953.6,315.81,2014_ME,Idaho
AF4950.2,338.79,2014_ME,Idaho
A03921.2,NA,2014_ME,Idaho
A06084.1TE,NA,2014_ME,Idaho
AW07791.2rus,250.71,2014_ME,Idaho
AF4953.6,388.39,2014_ND,Idaho
A03921.2,419.2,2014_ND,Idaho
AF4950.2,325.95,2014_ND,Idaho
A06084.1TE,321,2014_ND,Idaho
AW07791.2rus,286.14,2014_ND,Idaho
A06084.1TE,492.52,2014_WA,Idaho
A03921.2,462.8,2014_WA,Idaho
AW07791.2rus,808.73,2014_WA,Idaho
AF4950.2,927.63,2014_WA,Idaho
AF4953.6,439.73,2014_WA,Idaho
A03921.2,359.74,2014_WI,Idaho
AF4950.2,337.78,2014_WI,Idaho
AF4953.6,324.33,2014_WI,Idaho
AW07791.2rus,358.82,2014_WI,Idaho
A06084.1TE,308.36,2014_WI,Idaho
W9742.3rus,366.63,2015_ID,Wisconsin
W9850.5rus,448.18,2015_ID,Wisconsin
W9850.5rus,442.6,2015_ID,Wisconsin
AF4950.2,463.51,2015_ID,Idaho
W10074.16rus,372.2,2015_ID,Wisconsin
W9742.3rus,332.48,2015_ID,Wisconsin
AW06108.1rus,535.29,2015_ID,Idaho
W10074.16rus,537.38,2015_ID,Wisconsin
AW07791.2rus,349.21,2015_ID,Idaho
AF4953.6,575.03,2015_ID,Idaho
AW06108.1rus,389.63,2015_ID,Idaho
AW07773.1rus,319.93,2015_ID,Idaho
AW07773.1rus,400.78,2015_ID,Idaho
AW07781.1rus,351.3,2015_ID,Idaho
AW07781.1rus,363.84,2015_ID,Idaho
AW07791.2rus,480.23,2015_ID,Idaho
W10074.8rus,431.44,2015_ID,Wisconsin
W10039.2rus,570.14,2015_ID,Wisconsin
W10039.2rus,461.4,2015_ID,Wisconsin
W10074.3rus,608.48,2015_ID,Wisconsin
W10074.3rus,488.59,2015_ID,Wisconsin
W10074.8rus,484.42,2015_ID,Wisconsin
AF4950.2,451.66,2015_ID,Idaho
A06862.18VR,349.2,2015_ID,Idaho
AF4953.6,349.91,2015_ID,Idaho
A06084.1TE,283.69,2015_ID,Idaho
A06862.18VR,496.97,2015_ID,Idaho
A06084.1TE,370.8,2015_ID,Idaho
A03921.2,480.93,2015_ID,Idaho
A03921.2,489.99,2015_ID,Idaho
CO07049.1RU,417.52,2015_ID,Colorado
CO07049.1RU,425.88,2015_ID,Colorado
AOR08032.1,211.88,2015_ID,Idaho
AOR08032.1,306.69,2015_ID,Idaho
AOR07781.5,427.96,2015_ID,Idaho
AOR07781.5,411.23,2015_ID,Idaho
AF5179.4,356.86,2015_ID,Idaho
AF5091.2,161.71,2015_ID,Idaho
AF5091.2,245.34,2015_ID,Idaho
AF5179.4,404.96,2015_ID,Idaho
A03921.2,NA,2015_ME,Idaho
AF4950.2,358.16,2015_ME,Idaho
AF4950.2,413.33,2015_ME,Idaho
AF4953.6,355.25,2015_ME,Idaho
AF4953.6,359.12,2015_ME,Idaho
AF5091.2,282.17,2015_ME,Idaho
AF5091.2,265.71,2015_ME,Idaho
AF5179.4,486.42,2015_ME,Idaho
AF5179.4,317.49,2015_ME,Idaho
A03921.2,NA,2015_ME,Idaho
W10039.2rus,286.53,2015_ME,Wisconsin
AW06108.1rus,385.25,2015_ME,Idaho
AW06108.1rus,268.13,2015_ME,Idaho
AW07773.1rus,374.13,2015_ME,Idaho
AW07773.1rus,283.62,2015_ME,Idaho
AW07781.1rus,268.62,2015_ME,Idaho
AW07781.1rus,196.03,2015_ME,Idaho
AW07791.2rus,325.73,2015_ME,Idaho
AW07791.2rus,322.35,2015_ME,Idaho
W10039.2rus,368.33,2015_ME,Wisconsin
W10074.3rus,321.37,2015_ME,Wisconsin
W10074.3rus,396.88,2015_ME,Wisconsin
W10074.8rus,315.57,2015_ME,Wisconsin
W10074.8rus,302.99,2015_ME,Wisconsin
W10074.16rus,308.31,2015_ME,Wisconsin
W10074.16rus,293.79,2015_ME,Wisconsin
W9742.3rus,340.25,2015_ME,Wisconsin
W9742.3rus,274.42,2015_ME,Wisconsin
W9850.5rus,378.48,2015_ME,Wisconsin
W9850.5rus,281.68,2015_ME,Wisconsin
AOR08032.1,NA,2015_ME,Idaho
A06862.18VR,NA,2015_ME,Idaho
A06862.18VR,NA,2015_ME,Idaho
A06084.1TE,NA,2015_ME,Idaho
AOR07781.5,NA,2015_ME,Idaho
AOR07781.5,NA,2015_ME,Idaho
AOR08032.1,NA,2015_ME,Idaho
A06084.1TE,NA,2015_ME,Idaho
CO07049.1RU,272.98,2015_ME,Colorado
CO07049.1RU,177.14,2015_ME,Colorado
AF5179.4,442.15,2015_ND,Idaho
CO07049.1RU,298.05,2015_ND,Colorado
CO07049.1RU,313.75,2015_ND,Colorado
A06862.18VR,417.17,2015_ND,Idaho
W9850.5rus,389.85,2015_ND,Wisconsin
AF4950.2,456.09,2015_ND,Idaho
AF4950.2,554.28,2015_ND,Idaho
AF4953.6,395.08,2015_ND,Idaho
AF4953.6,397.99,2015_ND,Idaho
W9850.5rus,525.8,2015_ND,Wisconsin
W9742.3rus,420.66,2015_ND,Wisconsin
AF5091.2,311.41,2015_ND,Idaho
AW06108.1rus,255.64,2015_ND,Idaho
AW06108.1rus,354.42,2015_ND,Idaho
AW07773.1rus,190.57,2015_ND,Idaho
AW07773.1rus,213.22,2015_ND,Idaho
AW07781.1rus,250.41,2015_ND,Idaho
AW07781.1rus,295.73,2015_ND,Idaho
AW07791.2rus,248.68,2015_ND,Idaho
AW07791.2rus,329.43,2015_ND,Idaho
W9742.3rus,230.65,2015_ND,Wisconsin
W10039.2rus,284.11,2015_ND,Wisconsin
W10039.2rus,366.6,2015_ND,Wisconsin
W10074.3rus,251.58,2015_ND,Wisconsin
W10074.3rus,373.01,2015_ND,Wisconsin
W10074.8rus,176.63,2015_ND,Wisconsin
A06862.18VR,410.19,2015_ND,Idaho
W10074.16rus,253.9,2015_ND,Wisconsin
W10074.16rus,338.71,2015_ND,Wisconsin
W10074.8rus,510.7,2015_ND,Wisconsin
AF5091.2,424.13,2015_ND,Idaho
AOR08032.1,340.46,2015_ND,Idaho
A03921.2,302.71,2015_ND,Idaho
A03921.2,463.05,2015_ND,Idaho
A06084.1TE,384.05,2015_ND,Idaho
A06084.1TE,402.64,2015_ND,Idaho
AOR08032.1,321.88,2015_ND,Idaho
AF5179.4,468.29,2015_ND,Idaho
AOR07781.5,403.8,2015_ND,Idaho
AOR07781.5,545.56,2015_ND,Idaho
AW06108.1rus,1187,2015_WA,Idaho
AW06108.1rus,1192,2015_WA,Idaho
AW07773.1rus,736,2015_WA,Idaho
AW07773.1rus,654,2015_WA,Idaho
AW07781.1rus,668,2015_WA,Idaho
AW07781.1rus,732,2015_WA,Idaho
AW07791.2rus,1071,2015_WA,Idaho
AW07791.2rus,997,2015_WA,Idaho
W10039.2rus,796,2015_WA,Wisconsin
W10039.2rus,967,2015_WA,Wisconsin
W10074.3rus,882,2015_WA,Wisconsin
W10074.3rus,871,2015_WA,Wisconsin
W10074.8rus,922,2015_WA,Wisconsin
W10074.8rus,984,2015_WA,Wisconsin
W10074.16rus,754,2015_WA,Wisconsin
W10074.16rus,961,2015_WA,Wisconsin
W9742.3rus,674,2015_WA,Wisconsin
W9742.3rus,841,2015_WA,Wisconsin
W9850.5rus,921,2015_WA,Wisconsin
W9850.5rus,980,2015_WA,Wisconsin
AF4950.2,1184,2015_WA,Idaho
AF4950.2,739,2015_WA,Idaho
AF4953.6,768,2015_WA,Idaho
AF4953.6,680,2015_WA,Idaho
AF5091.2,256,2015_WA,Idaho
AF5091.2,670,2015_WA,Idaho
AF5179.4,880,2015_WA,Idaho
AF5179.4,887,2015_WA,Idaho
AOR07781.5,856,2015_WA,Idaho
AOR07781.5,1032,2015_WA,Idaho
AOR08032.1,908,2015_WA,Idaho
AOR08032.1,570,2015_WA,Idaho
A03921.2,890,2015_WA,Idaho
A03921.2,966,2015_WA,Idaho
A06084.1TE,497,2015_WA,Idaho
A06084.1TE,696,2015_WA,Idaho
A06862.18VR,1227,2015_WA,Idaho
A06862.18VR,1171,2015_WA,Idaho
CO07049.1RU,716,2015_WA,Colorado
CO07049.1RU,809,2015_WA,Colorado
W10074.3rus,327.64,2015_WI,Wisconsin
W9850.5rus,234.94,2015_WI,Wisconsin
W9850.5rus,173.28,2015_WI,Wisconsin
W9742.3rus,303.45,2015_WI,Wisconsin
W9742.3rus,305.46,2015_WI,Wisconsin
W10074.16rus,212.79,2015_WI,Wisconsin
W10074.16rus,273.24,2015_WI,Wisconsin
W10074.8rus,330.88,2015_WI,Wisconsin
W10074.8rus,346.59,2015_WI,Wisconsin
W10074.3rus,356.25,2015_WI,Wisconsin
W10039.2rus,256.31,2015_WI,Wisconsin
W10039.2rus,257.92,2015_WI,Wisconsin
AW07791.2rus,305.47,2015_WI,Idaho
AW07791.2rus,274.45,2015_WI,Idaho
AW07781.1rus,262.75,2015_WI,Idaho
AW07781.1rus,279.27,2015_WI,Idaho
AW07773.1rus,357.46,2015_WI,Idaho
AW07773.1rus,326.03,2015_WI,Idaho
AW06108.1rus,309.11,2015_WI,Idaho
AW06108.1rus,290.97,2015_WI,Idaho
A06862.18VR,382.46,2015_WI,Idaho
A06862.18VR,385.28,2015_WI,Idaho
A06084.1TE,310.31,2015_WI,Idaho
A06084.1TE,291.37,2015_WI,Idaho
A03921.2,274.45,2015_WI,Idaho
A03921.2,229.71,2015_WI,Idaho
CO07049.1RU,247.05,2015_WI,Colorado
CO07049.1RU,339.32,2015_WI,Colorado
AF5179.4,272.43,2015_WI,Idaho
AF5091.2,255.1,2015_WI,Idaho
AF4953.6,354.24,2015_WI,Idaho
AF4953.6,319.19,2015_WI,Idaho
AF4950.2,360.68,2015_WI,Idaho
AF4950.2,382.86,2015_WI,Idaho
AF5179.4,281.71,2015_WI,Idaho
AF5091.2,278.88,2015_WI,Idaho
AOR07781.5,400.58,2015_WI,Idaho
AOR08032.1,311.92,2015_WI,Idaho
AOR08032.1,330.46,2015_WI,Idaho
AOR07781.5,411.88,2015_WI,Idaho
AOR08032.1,411.14,2016_ID,Idaho
AOR08032.1,346.46,2016_ID,Idaho
AOR06576.1,529.94,2016_ID,Idaho
AOR06576.1,725.25,2016_ID,Idaho
AOR07781.5,445.97,2016_ID,Idaho
AOR07781.5,478.32,2016_ID,Idaho
COTX09052.2Ru,350.81,2016_ID,Colorado
W9850.5rus,448.47,2016_ID,Wisconsin
ND092007R.2Russ,NA,2016_ID,NorthDakota
AW07791.2rus,477.69,2016_ID,Idaho
AW07791.2rus,472.73,2016_ID,Idaho
W9850.5rus,511.29,2016_ID,Wisconsin
W9742.3rus,383.16,2016_ID,Wisconsin
COTX09052.2Ru,377.56,2016_ID,Colorado
W9742.3rus,424.21,2016_ID,Wisconsin
AW07773.1rus,330.29,2016_ID,Idaho
AW07773.1rus,430.43,2016_ID,Idaho
AW06108.1rus,404.92,2016_ID,Idaho
AW06108.1rus,460.28,2016_ID,Idaho
W10594.16rus,392.49,2016_ID,Wisconsin
W10594.16rus,434.16,2016_ID,Wisconsin
ND092007R.2Russ,NA,2016_ID,NorthDakota
CO09205.2RU,373.2,2016_ID,Colorado
ND09193BR.2Russ,NA,2016_ID,NorthDakota
A08422.2VRsto,480.8,2016_ID,Idaho
A08422.2VRsto,493.86,2016_ID,Idaho
A071012.4BF,548.6,2016_ID,Idaho
A071012.4BF,610.81,2016_ID,Idaho
A03921.2,462.15,2016_ID,Idaho
CO09205.2RU,455.31,2016_ID,Colorado
CO09036.2RU,310.99,2016_ID,Colorado
CO09036.2RU,393.1,2016_ID,Colorado
A03921.2,610.18,2016_ID,Idaho
ND09193BR.2Russ,NA,2016_ID,NorthDakota
AAF07521.1,432.91,2016_ID,Idaho
ND070927.2Russ,246.94,2016_ID,NorthDakota
ND070927.2Russ,390,2016_ID,NorthDakota
ND050032.4Russ,538.65,2016_ID,NorthDakota
ND050032.4Russ,584.67,2016_ID,NorthDakota
AAF07521.1,414.87,2016_ID,Idaho
AF5469.2,551.09,2016_ID,Idaho
AF5407.13,397.45,2016_ID,Idaho
AF5407.13,404.92,2016_ID,Idaho
AF5406.7,371.33,2016_ID,Idaho
AF5406.7,471.48,2016_ID,Idaho
AF5071.2,468.99,2016_ID,Idaho
AF5071.2,483.91,2016_ID,Idaho
AF5179.4,486.42,2016_ID,Idaho
AF5179.4,518.12,2016_ID,Idaho
AF5469.2,549.85,2016_ID,Idaho
AF5179.4,402.68,2016_ME,Idaho
A03921.2,NA,2016_ME,Idaho
A03921.2,NA,2016_ME,Idaho
AF5179.4,506.27,2016_ME,Idaho
AF5071.2,583.22,2016_ME,Idaho
AF5071.2,414.79,2016_ME,Idaho
AF5406.7,516.43,2016_ME,Idaho
AF5406.7,287.97,2016_ME,Idaho
AF5407.13,427.37,2016_ME,Idaho
AF5407.13,363,2016_ME,Idaho
AF5469.2,471.42,2016_ME,Idaho
AF5469.2,336.85,2016_ME,Idaho
AAF07521.1,504.81,2016_ME,Idaho
AAF07521.1,408.97,2016_ME,Idaho
A08422.2VRsto,NA,2016_ME,Idaho
AW07791.2rus,331.54,2016_ME,Idaho
CO09036.2RU,400.28,2016_ME,Colorado
A08422.2VRsto,NA,2016_ME,Idaho
CO09036.2RU,291.86,2016_ME,Colorado
CO09205.2RU,400.26,2016_ME,Colorado
A071012.4BF,NA,2016_ME,Idaho
A071012.4BF,NA,2016_ME,Idaho
CO09205.2RU,427.85,2016_ME,Colorado
W10594.16rus,450.61,2016_ME,Wisconsin
AOR06576.1,NA,2016_ME,Idaho
COTX09052.2Ru,543.53,2016_ME,Colorado
COTX09052.2Ru,406.55,2016_ME,Colorado
AW06108.1rus,388.65,2016_ME,Idaho
AOR08032.1,NA,2016_ME,Idaho
AW06108.1rus,360.57,2016_ME,Idaho
AW07773.1rus,368.81,2016_ME,Idaho
AW07773.1rus,426.4,2016_ME,Idaho
W9742.3rus,390.1,2016_ME,Wisconsin
W9742.3rus,380.43,2016_ME,Wisconsin
W9850.5rus,340.25,2016_ME,Wisconsin
W9850.5rus,354.77,2016_ME,Wisconsin
AW07791.2rus,327.18,2016_ME,Idaho
AOR06576.1,NA,2016_ME,Idaho
W10594.16rus,438.99,2016_ME,Wisconsin
AOR08032.1,NA,2016_ME,Idaho
ND050032.4Russ,615.16,2016_ME,NorthDakota
ND070927.2Russ,590.96,2016_ME,NorthDakota
ND070927.2Russ,368.81,2016_ME,NorthDakota
ND09193BR.2Russ,372.69,2016_ME,NorthDakota
ND09193BR.2Russ,352.83,2016_ME,NorthDakota
ND092007R.2Russ,382.85,2016_ME,NorthDakota
ND050032.4Russ,465.6,2016_ME,NorthDakota
ND092007R.2Russ,387.69,2016_ME,NorthDakota
AOR07781.5,NA,2016_ME,Idaho
AOR07781.5,NA,2016_ME,Idaho
ND09193BR.2Russ,NA,2016_MI,NorthDakota
AOR08032.1,NA,2016_MI,Idaho
AOR07781.5,NA,2016_MI,Idaho
ND092007R.2Russ,NA,2016_MI,NorthDakota
ND070927.2Russ,NA,2016_MI,NorthDakota
AOR06576.1,NA,2016_MI,Idaho
COTX09052.2Ru,NA,2016_MI,Colorado
W10594.16rus,NA,2016_MI,Wisconsin
AW06108.1rus,NA,2016_MI,Idaho
AW07773.1rus,NA,2016_MI,Idaho
W9742.3rus,NA,2016_MI,Wisconsin
W9850.5rus,NA,2016_MI,Wisconsin
AW07791.2rus,NA,2016_MI,Idaho
ND050032.4Russ,NA,2016_MI,NorthDakota
AAF07521.1,NA,2016_MI,Idaho
CO09036.2RU,NA,2016_MI,Colorado
CO09205.2RU,NA,2016_MI,Colorado
A071012.4BF,NA,2016_MI,Idaho
A08422.2VRsto,NA,2016_MI,Idaho
AF5179.4,NA,2016_MI,Idaho
AF5071.2,NA,2016_MI,Idaho
AF5406.7,NA,2016_MI,Idaho
AF5407.13,NA,2016_MI,Idaho
A03921.2,NA,2016_MI,Idaho
AF5469.2,NA,2016_MI,Idaho
AW06108.1rus,NA,2016_ND,Idaho
W9742.3rus,364.29,2016_ND,Wisconsin
AW07773.1rus,170.24,2016_ND,Idaho
AW07773.1rus,329.43,2016_ND,Idaho
AW06108.1rus,761.69,2016_ND,Idaho
W10594.16rus,409.61,2016_ND,Wisconsin
W10594.16rus,492.69,2016_ND,Wisconsin
W9850.5rus,445.62,2016_ND,Wisconsin
W9742.3rus,345.12,2016_ND,Wisconsin
W9850.5rus,403.22,2016_ND,Wisconsin
AW07791.2rus,335.25,2016_ND,Idaho
AW07791.2rus,324.21,2016_ND,Idaho
COTX09052.2Ru,273.65,2016_ND,Colorado
COTX09052.2Ru,NA,2016_ND,Colorado
A071012.4BF,445.63,2016_ND,Idaho
AF5469.2,449.71,2016_ND,Idaho
AF5469.2,510.72,2016_ND,Idaho
AAF07521.1,363.71,2016_ND,Idaho
AAF07521.1,406.71,2016_ND,Idaho
AF5407.13,387.54,2016_ND,Idaho
AF5407.13,368.94,2016_ND,Idaho
A071012.4BF,359.06,2016_ND,Idaho
ND050032.4Russ,417.17,2016_ND,NorthDakota
A03921.2,411.93,2016_ND,Idaho
A03921.2,545.57,2016_ND,Idaho
AF5406.7,335.23,2016_ND,Idaho
AF5179.4,487.46,2016_ND,Idaho
AF5179.4,399.15,2016_ND,Idaho
A08422.2VRsto,478.76,2016_ND,Idaho
A08422.2VRsto,353.83,2016_ND,Idaho
AF5071.2,494.43,2016_ND,Idaho
AF5071.2,370.1,2016_ND,Idaho
AF5406.7,484.55,2016_ND,Idaho
ND050032.4Russ,456.67,2016_ND,NorthDakota
ND070927.2Russ,370.1,2016_ND,NorthDakota
AOR07781.5,463.06,2016_ND,Idaho
AOR07781.5,326.53,2016_ND,Idaho
AOR08032.1,379.99,2016_ND,Idaho
AOR08032.1,298.63,2016_ND,Idaho
AOR06576.1,465.39,2016_ND,Idaho
AOR06576.1,363.12,2016_ND,Idaho
CO09036.2RU,351.5,2016_ND,Colorado
CO09205.2RU,317.81,2016_ND,Colorado
ND070927.2Russ,328.84,2016_ND,NorthDakota
ND09193BR.2Russ,387.52,2016_ND,NorthDakota
CO09205.2RU,300.38,2016_ND,Colorado
ND09193BR.2Russ,402.63,2016_ND,NorthDakota
CO09036.2RU,331.75,2016_ND,Colorado
ND092007R.2Russ,276.55,2016_ND,NorthDakota
ND092007R.2Russ,268.43,2016_ND,NorthDakota
CO09036.2RU,904.2,2016_WA,Colorado
CO09036.2RU,990.8,2016_WA,Colorado
CO09205.2RU,475.3,2016_WA,Colorado
CO09205.2RU,476.7,2016_WA,Colorado
A071012.4BF,941.7,2016_WA,Idaho
A071012.4BF,897.2,2016_WA,Idaho
A08422.2VRsto,495.1,2016_WA,Idaho
A08422.2VRsto,525.5,2016_WA,Idaho
A03921.2,766.5,2016_WA,Idaho
A03921.2,832.5,2016_WA,Idaho
AF5179.4,878.2,2016_WA,Idaho
AF5179.4,771.3,2016_WA,Idaho
AF5071.2,763.2,2016_WA,Idaho
AF5071.2,762.5,2016_WA,Idaho
AF5406.7,597.3,2016_WA,Idaho
AF5406.7,581.8,2016_WA,Idaho
AF5407.13,538.4,2016_WA,Idaho
AF5407.13,594.8,2016_WA,Idaho
AF5469.2,655.8,2016_WA,Idaho
AF5469.2,670,2016_WA,Idaho
AAF07521.1,492.4,2016_WA,Idaho
AAF07521.1,785.4,2016_WA,Idaho
ND050032.4Russ,772.5,2016_WA,NorthDakota
ND050032.4Russ,773.2,2016_WA,NorthDakota
ND070927.2Russ,487.2,2016_WA,NorthDakota
ND070927.2Russ,549.7,2016_WA,NorthDakota
ND09193BR.2Russ,657.6,2016_WA,NorthDakota
ND09193BR.2Russ,553.8,2016_WA,NorthDakota
ND092007R.2Russ,256.5,2016_WA,NorthDakota
ND092007R.2Russ,369,2016_WA,NorthDakota
AOR07781.5,665.8,2016_WA,Idaho
AOR07781.5,792.7,2016_WA,Idaho
AOR08032.1,618.2,2016_WA,Idaho
AOR08032.1,595.2,2016_WA,Idaho
AOR06576.1,744.9,2016_WA,Idaho
AOR06576.1,906.4,2016_WA,Idaho
COTX09052.2Ru,794.7,2016_WA,Colorado
COTX09052.2Ru,684.8,2016_WA,Colorado
W10594.16rus,481.3,2016_WA,Wisconsin
W10594.16rus,485.5,2016_WA,Wisconsin
AW06108.1rus,494.7,2016_WA,Idaho
AW06108.1rus,609,2016_WA,Idaho
AW07773.1rus,688.7,2016_WA,Idaho
AW07773.1rus,697.5,2016_WA,Idaho
W9742.3rus,631.1,2016_WA,Wisconsin
W9742.3rus,784.6,2016_WA,Wisconsin
W9850.5rus,863.2,2016_WA,Wisconsin
W9850.5rus,836.9,2016_WA,Wisconsin
AW07791.2rus,824.8,2016_WA,Idaho
AW07791.2rus,746.2,2016_WA,Idaho
AF5071.2,394.22,2016_WI,Idaho
AOR08032.1,289.31,2016_WI,Idaho
AOR08032.1,249.38,2016_WI,Idaho
AOR07781.5,355.38,2016_WI,Idaho
AOR07781.5,284.22,2016_WI,Idaho
CO09036.2RU,309.64,2016_WI,Colorado
CO09036.2RU,311.82,2016_WI,Colorado
CO09205.2RU,309.27,2016_WI,Colorado
CO09205.2RU,222.15,2016_WI,Colorado
AOR06576.1,408.37,2016_WI,Idaho
A071012.4BF,306.01,2016_WI,Idaho
A071012.4BF,318.71,2016_WI,Idaho
A08422.2VRsto,309.28,2016_WI,Idaho
A08422.2VRsto,290.41,2016_WI,Idaho
AOR06576.1,412.37,2016_WI,Idaho
A03921.2,368.81,2016_WI,Idaho
W9850.5rus,348.13,2016_WI,Wisconsin
AW07791.2rus,303.12,2016_WI,Idaho
AW07791.2rus,333.23,2016_WI,Idaho
W9850.5rus,347.39,2016_WI,Wisconsin
W9742.3rus,369.18,2016_WI,Wisconsin
W9742.3rus,322.34,2016_WI,Wisconsin
AW07773.1rus,347.39,2016_WI,Idaho
AW07773.1rus,311.82,2016_WI,Idaho
AW06108.1rus,253.02,2016_WI,Idaho
AW06108.1rus,251.92,2016_WI,Idaho
W10594.16rus,311.46,2016_WI,Wisconsin
W10594.16rus,365.91,2016_WI,Wisconsin
COTX09052.2Ru,318.72,2016_WI,Colorado
COTX09052.2Ru,295.13,2016_WI,Colorado
A03921.2,348.85,2016_WI,Idaho
ND070927.2Russ,250.47,2016_WI,NorthDakota
ND050032.4Russ,305.66,2016_WI,NorthDakota
AF5071.2,358.64,2016_WI,Idaho
AF5406.7,408.01,2016_WI,Idaho
ND050032.4Russ,344.12,2016_WI,NorthDakota
AF5406.7,308.92,2016_WI,Idaho
ND070927.2Russ,248.3,2016_WI,NorthDakota
AF5407.13,390.22,2016_WI,Idaho
AAF07521.1,306.37,2016_WI,Idaho
AAF07521.1,310.73,2016_WI,Idaho
AF5469.2,395.67,2016_WI,Idaho
AF5407.13,450.49,2016_WI,Idaho
AF5179.4,275.89,2016_WI,Idaho
AF5469.2,304.2,2016_WI,Idaho
ND09193BR.2Russ,237.03,2016_WI,NorthDakota
ND09193BR.2Russ,266.07,2016_WI,NorthDakota
ND092007R.2Russ,257,2016_WI,NorthDakota
ND092007R.2Russ,313.26,2016_WI,NorthDakota
AF5179.4,225.07,2016_WI,Idaho
A07098.4,NA,2017_ID,Idaho
A07705.4,NA,2017_ID,Idaho
A07769.4,NA,2017_ID,Idaho
A10063.1,NA,2017_ID,Idaho
A10594.8VR,NA,2017_ID,Idaho
A10688.1adgsto,NA,2017_ID,Idaho
A11252.10,NA,2017_ID,Idaho
AAF10237.4,NA,2017_ID,Idaho
AAF10245.1,NA,2017_ID,Idaho
AAF10615.1,NA,2017_ID,Idaho
AF5406.10,NA,2017_ID,Idaho
AF5492.6,NA,2017_ID,Idaho
AOR08540.1,NA,2017_ID,Idaho
ND060761B.3Russ,NA,2017_ID,NorthDakota
ND091933ABCR.7Russ,NA,2017_ID,NorthDakota
ND113224C.3Russ,NA,2017_ID,NorthDakota
ND12154AB.2Russ,NA,2017_ID,NorthDakota
ND12157.3Russ,NA,2017_ID,NorthDakota
ND12163AB.2Russ,NA,2017_ID,NorthDakota
ND12205B.4Russ,NA,2017_ID,NorthDakota
A071012.4BF,NA,2017_ID,Idaho
A071012.4BF,NA,2017_ID,Idaho
A08422.2VRsto,NA,2017_ID,Idaho
A08422.2VRsto,NA,2017_ID,Idaho
AAF07521.1,NA,2017_ID,Idaho
AAF07521.1,NA,2017_ID,Idaho
AF5071.2,NA,2017_ID,Idaho
AF5071.2,NA,2017_ID,Idaho
AF5406.7,NA,2017_ID,Idaho
AF5406.7,NA,2017_ID,Idaho
AF5407.13,NA,2017_ID,Idaho
AF5407.13,NA,2017_ID,Idaho
AOR06576.1,NA,2017_ID,Idaho
AOR06576.1,NA,2017_ID,Idaho
CO09036.2RU,NA,2017_ID,Colorado
CO09036.2RU,NA,2017_ID,Colorado
COTX09052.2Ru,NA,2017_ID,Colorado
COTX09052.2Ru,NA,2017_ID,Colorado
ND050032.4Russ,NA,2017_ID,NorthDakota
ND050032.4Russ,NA,2017_ID,NorthDakota
ND070927.2Russ,NA,2017_ID,NorthDakota
ND070927.2Russ,NA,2017_ID,NorthDakota
ND09193BR.2Russ,NA,2017_ID,NorthDakota
ND09193BR.2Russ,NA,2017_ID,NorthDakota
W10594.16rus,NA,2017_ID,Wisconsin
W10594.16rus,NA,2017_ID,Wisconsin
AF5179.4,NA,2017_ID,Idaho
AF5179.4,NA,2017_ID,Idaho
AF5179.4,NA,2017_ID,Idaho
AOR07781.5,NA,2017_ID,Idaho
AOR07781.5,NA,2017_ID,Idaho
AOR07781.5,NA,2017_ID,Idaho
AW07773.1rus,NA,2017_ID,Idaho
AW07773.1rus,NA,2017_ID,Idaho
AW07773.1rus,NA,2017_ID,Idaho
ND060735.4Russ,NA,2017_ID,NorthDakota
ND060735.4Russ,NA,2017_ID,NorthDakota
ND060735.4Russ,NA,2017_ID,NorthDakota
W9742.3rus,NA,2017_ID,Wisconsin
W9742.3rus,NA,2017_ID,Wisconsin
W9742.3rus,NA,2017_ID,Wisconsin
W9850.5rus,NA,2017_ID,Wisconsin
W9850.5rus,NA,2017_ID,Wisconsin
W9850.5rus,NA,2017_ID,Wisconsin
A07098.4,NA,2017_ME,Idaho
A07705.4,NA,2017_ME,Idaho
A07769.4,NA,2017_ME,Idaho
A10063.1,NA,2017_ME,Idaho
A10594.8VR,NA,2017_ME,Idaho
A10688.1adgsto,NA,2017_ME,Idaho
A11252.10,NA,2017_ME,Idaho
AAF10237.4,NA,2017_ME,Idaho
AAF10245.1,NA,2017_ME,Idaho
AAF10615.1,NA,2017_ME,Idaho
AF5406.10,NA,2017_ME,Idaho
AF5492.6,NA,2017_ME,Idaho
AOR08540.1,NA,2017_ME,Idaho
ND060761B.3Russ,NA,2017_ME,NorthDakota
ND091933ABCR.7Russ,NA,2017_ME,NorthDakota
ND113224C.3Russ,NA,2017_ME,NorthDakota
ND12154AB.2Russ,NA,2017_ME,NorthDakota
ND12157.3Russ,NA,2017_ME,NorthDakota
ND12163AB.2Russ,NA,2017_ME,NorthDakota
ND12205B.4Russ,NA,2017_ME,NorthDakota
A071012.4BF,NA,2017_ME,Idaho
A071012.4BF,NA,2017_ME,Idaho
A08422.2VRsto,NA,2017_ME,Idaho
A08422.2VRsto,NA,2017_ME,Idaho
AAF07521.1,NA,2017_ME,Idaho
AAF07521.1,NA,2017_ME,Idaho
AF5071.2,NA,2017_ME,Idaho
AF5071.2,NA,2017_ME,Idaho
AF5406.7,NA,2017_ME,Idaho
AF5406.7,NA,2017_ME,Idaho
AF5407.13,NA,2017_ME,Idaho
AF5407.13,NA,2017_ME,Idaho
AOR06576.1,NA,2017_ME,Idaho
AOR06576.1,NA,2017_ME,Idaho
CO09036.2RU,NA,2017_ME,Colorado
CO09036.2RU,NA,2017_ME,Colorado
COTX09052.2Ru,NA,2017_ME,Colorado
COTX09052.2Ru,NA,2017_ME,Colorado
ND050032.4Russ,NA,2017_ME,NorthDakota
ND050032.4Russ,NA,2017_ME,NorthDakota
ND070927.2Russ,NA,2017_ME,NorthDakota
ND070927.2Russ,NA,2017_ME,NorthDakota
ND09193BR.2Russ,NA,2017_ME,NorthDakota
ND09193BR.2Russ,NA,2017_ME,NorthDakota
W10594.16rus,NA,2017_ME,Wisconsin
W10594.16rus,NA,2017_ME,Wisconsin
AF5179.4,NA,2017_ME,Idaho
AF5179.4,NA,2017_ME,Idaho
AF5179.4,NA,2017_ME,Idaho
AOR07781.5,NA,2017_ME,Idaho
AOR07781.5,NA,2017_ME,Idaho
AOR07781.5,NA,2017_ME,Idaho
AW07773.1rus,NA,2017_ME,Idaho
AW07773.1rus,NA,2017_ME,Idaho
AW07773.1rus,NA,2017_ME,Idaho
ND060735.4Russ,NA,2017_ME,NorthDakota
ND060735.4Russ,NA,2017_ME,NorthDakota
ND060735.4Russ,NA,2017_ME,NorthDakota
W9742.3rus,NA,2017_ME,Wisconsin
W9742.3rus,NA,2017_ME,Wisconsin
W9742.3rus,NA,2017_ME,Wisconsin
W9850.5rus,NA,2017_ME,Wisconsin
W9850.5rus,NA,2017_ME,Wisconsin
W9850.5rus,NA,2017_ME,Wisconsin
A07098.4,NA,2017_ND,Idaho
A07705.4,NA,2017_ND,Idaho
A07769.4,NA,2017_ND,Idaho
A10063.1,NA,2017_ND,Idaho
A10594.8VR,NA,2017_ND,Idaho
A10688.1adgsto,NA,2017_ND,Idaho
A11252.10,NA,2017_ND,Idaho
AAF10237.4,NA,2017_ND,Idaho
AAF10245.1,NA,2017_ND,Idaho
AAF10615.1,NA,2017_ND,Idaho
AF5406.10,NA,2017_ND,Idaho
AF5492.6,NA,2017_ND,Idaho
AOR08540.1,NA,2017_ND,Idaho
ND060761B.3Russ,NA,2017_ND,NorthDakota
ND091933ABCR.7Russ,NA,2017_ND,NorthDakota
ND113224C.3Russ,NA,2017_ND,NorthDakota
ND12154AB.2Russ,NA,2017_ND,NorthDakota
ND12157.3Russ,NA,2017_ND,NorthDakota
ND12163AB.2Russ,NA,2017_ND,NorthDakota
ND12205B.4Russ,NA,2017_ND,NorthDakota
A071012.4BF,NA,2017_ND,Idaho
A071012.4BF,NA,2017_ND,Idaho
A08422.2VRsto,NA,2017_ND,Idaho
A08422.2VRsto,NA,2017_ND,Idaho
AAF07521.1,NA,2017_ND,Idaho
AAF07521.1,NA,2017_ND,Idaho
AF5071.2,NA,2017_ND,Idaho
AF5071.2,NA,2017_ND,Idaho
AF5406.7,NA,2017_ND,Idaho
AF5406.7,NA,2017_ND,Idaho
AF5407.13,NA,2017_ND,Idaho
AF5407.13,NA,2017_ND,Idaho
AOR06576.1,NA,2017_ND,Idaho
AOR06576.1,NA,2017_ND,Idaho
CO09036.2RU,NA,2017_ND,Colorado
CO09036.2RU,NA,2017_ND,Colorado
COTX09052.2Ru,NA,2017_ND,Colorado
COTX09052.2Ru,NA,2017_ND,Colorado
ND050032.4Russ,NA,2017_ND,NorthDakota
ND050032.4Russ,NA,2017_ND,NorthDakota
ND070927.2Russ,NA,2017_ND,NorthDakota
ND070927.2Russ,NA,2017_ND,NorthDakota
ND09193BR.2Russ,NA,2017_ND,NorthDakota
ND09193BR.2Russ,NA,2017_ND,NorthDakota
W10594.16rus,NA,2017_ND,Wisconsin
W10594.16rus,NA,2017_ND,Wisconsin
AF5179.4,NA,2017_ND,Idaho
AF5179.4,NA,2017_ND,Idaho
AF5179.4,NA,2017_ND,Idaho
AOR07781.5,NA,2017_ND,Idaho
AOR07781.5,NA,2017_ND,Idaho
AOR07781.5,NA,2017_ND,Idaho
AW07773.1rus,NA,2017_ND,Idaho
AW07773.1rus,NA,2017_ND,Idaho
AW07773.1rus,NA,2017_ND,Idaho
ND060735.4Russ,NA,2017_ND,NorthDakota
ND060735.4Russ,NA,2017_ND,NorthDakota
ND060735.4Russ,NA,2017_ND,NorthDakota
W9742.3rus,NA,2017_ND,Wisconsin
W9742.3rus,NA,2017_ND,Wisconsin
W9742.3rus,NA,2017_ND,Wisconsin
W9850.5rus,NA,2017_ND,Wisconsin
W9850.5rus,NA,2017_ND,Wisconsin
W9850.5rus,NA,2017_ND,Wisconsin
A07098.4,NA,2017_OR,Idaho
A07705.4,NA,2017_OR,Idaho
A07769.4,NA,2017_OR,Idaho
A10063.1,NA,2017_OR,Idaho
A10594.8VR,NA,2017_OR,Idaho
A10688.1adgsto,NA,2017_OR,Idaho
A11252.10,NA,2017_OR,Idaho
AAF10237.4,NA,2017_OR,Idaho
AAF10245.1,NA,2017_OR,Idaho
AAF10615.1,NA,2017_OR,Idaho
AF5406.10,NA,2017_OR,Idaho
AF5492.6,NA,2017_OR,Idaho
AOR08540.1,NA,2017_OR,Idaho
ND060761B.3Russ,NA,2017_OR,NorthDakota
ND091933ABCR.7Russ,NA,2017_OR,NorthDakota
ND113224C.3Russ,NA,2017_OR,NorthDakota
ND12154AB.2Russ,NA,2017_OR,NorthDakota
ND12157.3Russ,NA,2017_OR,NorthDakota
ND12163AB.2Russ,NA,2017_OR,NorthDakota
ND12205B.4Russ,NA,2017_OR,NorthDakota
A071012.4BF,NA,2017_OR,Idaho
A071012.4BF,NA,2017_OR,Idaho
A08422.2VRsto,NA,2017_OR,Idaho
A08422.2VRsto,NA,2017_OR,Idaho
AAF07521.1,NA,2017_OR,Idaho
AAF07521.1,NA,2017_OR,Idaho
AF5071.2,NA,2017_OR,Idaho
AF5071.2,NA,2017_OR,Idaho
AF5406.7,NA,2017_OR,Idaho
AF5406.7,NA,2017_OR,Idaho
AF5407.13,NA,2017_OR,Idaho
AF5407.13,NA,2017_OR,Idaho
AOR06576.1,NA,2017_OR,Idaho
AOR06576.1,NA,2017_OR,Idaho
CO09036.2RU,NA,2017_OR,Colorado
CO09036.2RU,NA,2017_OR,Colorado
COTX09052.2Ru,NA,2017_OR,Colorado
COTX09052.2Ru,NA,2017_OR,Colorado
ND050032.4Russ,NA,2017_OR,NorthDakota
ND050032.4Russ,NA,2017_OR,NorthDakota
ND070927.2Russ,NA,2017_OR,NorthDakota
ND070927.2Russ,NA,2017_OR,NorthDakota
ND09193BR.2Russ,NA,2017_OR,NorthDakota
ND09193BR.2Russ,NA,2017_OR,NorthDakota
W10594.16rus,NA,2017_OR,Wisconsin
W10594.16rus,NA,2017_OR,Wisconsin
AF5179.4,NA,2017_OR,Idaho
AF5179.4,NA,2017_OR,Idaho
AF5179.4,NA,2017_OR,Idaho
AOR07781.5,NA,2017_OR,Idaho
AOR07781.5,NA,2017_OR,Idaho
AOR07781.5,NA,2017_OR,Idaho
AW07773.1rus,NA,2017_OR,Idaho
AW07773.1rus,NA,2017_OR,Idaho
AW07773.1rus,NA,2017_OR,Idaho
ND060735.4Russ,NA,2017_OR,NorthDakota
ND060735.4Russ,NA,2017_OR,NorthDakota
ND060735.4Russ,NA,2017_OR,NorthDakota
W9742.3rus,NA,2017_OR,Wisconsin
W9742.3rus,NA,2017_OR,Wisconsin
W9742.3rus,NA,2017_OR,Wisconsin
W9850.5rus,NA,2017_OR,Wisconsin
W9850.5rus,NA,2017_OR,Wisconsin
W9850.5rus,NA,2017_OR,Wisconsin
A07098.4,NA,2017_WA,Idaho
A07705.4,NA,2017_WA,Idaho
A07769.4,NA,2017_WA,Idaho
A10063.1,NA,2017_WA,Idaho
A10594.8VR,NA,2017_WA,Idaho
A10688.1adgsto,NA,2017_WA,Idaho
A11252.10,NA,2017_WA,Idaho
AAF10237.4,NA,2017_WA,Idaho
AAF10245.1,NA,2017_WA,Idaho
AAF10615.1,NA,2017_WA,Idaho
AF5406.10,NA,2017_WA,Idaho
AF5492.6,NA,2017_WA,Idaho
AOR08540.1,NA,2017_WA,Idaho
ND060761B.3Russ,NA,2017_WA,NorthDakota
ND091933ABCR.7Russ,NA,2017_WA,NorthDakota
ND113224C.3Russ,NA,2017_WA,NorthDakota
ND12154AB.2Russ,NA,2017_WA,NorthDakota
ND12157.3Russ,NA,2017_WA,NorthDakota
ND12163AB.2Russ,NA,2017_WA,NorthDakota
ND12205B.4Russ,NA,2017_WA,NorthDakota
A071012.4BF,NA,2017_WA,Idaho
A071012.4BF,NA,2017_WA,Idaho
A08422.2VRsto,NA,2017_WA,Idaho
A08422.2VRsto,NA,2017_WA,Idaho
AAF07521.1,NA,2017_WA,Idaho
AAF07521.1,NA,2017_WA,Idaho
AF5071.2,NA,2017_WA,Idaho
AF5071.2,NA,2017_WA,Idaho
AF5406.7,NA,2017_WA,Idaho
AF5406.7,NA,2017_WA,Idaho
AF5407.13,NA,2017_WA,Idaho
AF5407.13,NA,2017_WA,Idaho
AOR06576.1,NA,2017_WA,Idaho
AOR06576.1,NA,2017_WA,Idaho
CO09036.2RU,NA,2017_WA,Colorado
CO09036.2RU,NA,2017_WA,Colorado
COTX09052.2Ru,NA,2017_WA,Colorado
COTX09052.2Ru,NA,2017_WA,Colorado
ND050032.4Russ,NA,2017_WA,NorthDakota
ND050032.4Russ,NA,2017_WA,NorthDakota
ND070927.2Russ,NA,2017_WA,NorthDakota
ND070927.2Russ,NA,2017_WA,NorthDakota
ND09193BR.2Russ,NA,2017_WA,NorthDakota
ND09193BR.2Russ,NA,2017_WA,NorthDakota
W10594.16rus,NA,2017_WA,Wisconsin
W10594.16rus,NA,2017_WA,Wisconsin
AF5179.4,NA,2017_WA,Idaho
AF5179.4,NA,2017_WA,Idaho
AF5179.4,NA,2017_WA,Idaho
AOR07781.5,NA,2017_WA,Idaho
AOR07781.5,NA,2017_WA,Idaho
AOR07781.5,NA,2017_WA,Idaho
AW07773.1rus,NA,2017_WA,Idaho
AW07773.1rus,NA,2017_WA,Idaho
AW07773.1rus,NA,2017_WA,Idaho
ND060735.4Russ,NA,2017_WA,NorthDakota
ND060735.4Russ,NA,2017_WA,NorthDakota
ND060735.4Russ,NA,2017_WA,NorthDakota
W9742.3rus,NA,2017_WA,Wisconsin
W9742.3rus,NA,2017_WA,Wisconsin
W9742.3rus,NA,2017_WA,Wisconsin
W9850.5rus,NA,2017_WA,Wisconsin
W9850.5rus,NA,2017_WA,Wisconsin
W9850.5rus,NA,2017_WA,Wisconsin
A07098.4,NA,2017_WI,Idaho
A07705.4,NA,2017_WI,Idaho
A07769.4,NA,2017_WI,Idaho
A10063.1,NA,2017_WI,Idaho
A10594.8VR,NA,2017_WI,Idaho
A10688.1adgsto,NA,2017_WI,Idaho
A11252.10,NA,2017_WI,Idaho
AAF10237.4,NA,2017_WI,Idaho
AAF10245.1,NA,2017_WI,Idaho
AAF10615.1,NA,2017_WI,Idaho
AF5406.10,NA,2017_WI,Idaho
AF5492.6,NA,2017_WI,Idaho
AOR08540.1,NA,2017_WI,Idaho
ND060761B.3Russ,NA,2017_WI,NorthDakota
ND091933ABCR.7Russ,NA,2017_WI,NorthDakota
ND113224C.3Russ,NA,2017_WI,NorthDakota
ND12154AB.2Russ,NA,2017_WI,NorthDakota
ND12157.3Russ,NA,2017_WI,NorthDakota
ND12163AB.2Russ,NA,2017_WI,NorthDakota
ND12205B.4Russ,NA,2017_WI,NorthDakota
A071012.4BF,NA,2017_WI,Idaho
A071012.4BF,NA,2017_WI,Idaho
A08422.2VRsto,NA,2017_WI,Idaho
A08422.2VRsto,NA,2017_WI,Idaho
AAF07521.1,NA,2017_WI,Idaho
AAF07521.1,NA,2017_WI,Idaho
AF5071.2,NA,2017_WI,Idaho
AF5071.2,NA,2017_WI,Idaho
AF5406.7,NA,2017_WI,Idaho
AF5406.7,NA,2017_WI,Idaho
AF5407.13,NA,2017_WI,Idaho
AF5407.13,NA,2017_WI,Idaho
AOR06576.1,NA,2017_WI,Idaho
AOR06576.1,NA,2017_WI,Idaho
CO09036.2RU,NA,2017_WI,Colorado
CO09036.2RU,NA,2017_WI,Colorado
ND050032.4Russ,NA,2017_WI,NorthDakota
ND050032.4Russ,NA,2017_WI,NorthDakota
ND070927.2Russ,NA,2017_WI,NorthDakota
ND070927.2Russ,NA,2017_WI,NorthDakota
ND09193BR.2Russ,NA,2017_WI,NorthDakota
ND09193BR.2Russ,NA,2017_WI,NorthDakota
W10594.16rus,NA,2017_WI,Wisconsin
W10594.16rus,NA,2017_WI,Wisconsin
AF5179.4,NA,2017_WI,Idaho
AF5179.4,NA,2017_WI,Idaho
AF5179.4,NA,2017_WI,Idaho
AOR07781.5,NA,2017_WI,Idaho
AOR07781.5,NA,2017_WI,Idaho
AOR07781.5,NA,2017_WI,Idaho
AW07773.1rus,NA,2017_WI,Idaho
AW07773.1rus,NA,2017_WI,Idaho
AW07773.1rus,NA,2017_WI,Idaho
ND060735.4Russ,NA,2017_WI,NorthDakota
ND060735.4Russ,NA,2017_WI,NorthDakota
ND060735.4Russ,NA,2017_WI,NorthDakota
W9742.3rus,NA,2017_WI,Wisconsin
W9742.3rus,NA,2017_WI,Wisconsin
W9742.3rus,NA,2017_WI,Wisconsin
W9850.5rus,NA,2017_WI,Wisconsin
W9850.5rus,NA,2017_WI,Wisconsin
W9850.5rus,NA,2017_WI,Wisconsin
A10595.13sto,NA,2018_ID,Idaho
A10947.3CSR,NA,2018_ID,Idaho
A11188.1,NA,2018_ID,Idaho
A11226.1,NA,2018_ID,Idaho
A11737.1LB,NA,2018_ID,Idaho
AF5494.3,NA,2018_ID,Idaho
AF5628.2,NA,2018_ID,Idaho
AF5644.8,NA,2018_ID,Idaho
AF5661.13,NA,2018_ID,Idaho
AOR10633.1,NA,2018_ID,Idaho
COAF11149.5,NA,2018_ID,Colorado
ND12241YB.2Russ,NA,2018_ID,NorthDakota
NDAF113476CB.3,NA,2018_ID,NorthDakota
W13012.18rus,NA,2018_ID,Wisconsin
W13A11229.1rus,NA,2018_ID,Wisconsin
W13A11229.1rus,NA,2018_ID,Wisconsin
A07098.4,NA,2018_ID,Idaho
A07098.4,NA,2018_ID,Idaho
A07705.4,NA,2018_ID,Idaho
A07705.4,NA,2018_ID,Idaho
A07769.4,NA,2018_ID,Idaho
A07769.4,NA,2018_ID,Idaho
A10594.8VR,NA,2018_ID,Idaho
AAF10237.4,NA,2018_ID,Idaho
AAF10237.4,NA,2018_ID,Idaho
AAF10615.1,NA,2018_ID,Idaho
AAF10615.1,NA,2018_ID,Idaho
AF5492.6,NA,2018_ID,Idaho
AF5492.6,NA,2018_ID,Idaho
AOR08540.1,NA,2018_ID,Idaho
AOR08540.1,NA,2018_ID,Idaho
A071012.4BF,NA,2018_ID,Idaho
A071012.4BF,NA,2018_ID,Idaho
A071012.4BF,NA,2018_ID,Idaho
AAF07521.1,NA,2018_ID,Idaho
AAF07521.1,NA,2018_ID,Idaho
AAF07521.1,NA,2018_ID,Idaho
AF5071.2,NA,2018_ID,Idaho
AF5071.2,NA,2018_ID,Idaho
AF5071.2,NA,2018_ID,Idaho
AF5406.7,NA,2018_ID,Idaho
AF5406.7,NA,2018_ID,Idaho
AF5406.7,NA,2018_ID,Idaho
AO02183.2,NA,2018_ID,Idaho
AO02183.2,NA,2018_ID,Idaho
AO02183.2,NA,2018_ID,Idaho
AOR06576.1,NA,2018_ID,Idaho
AOR06576.1,NA,2018_ID,Idaho
AOR06576.1,NA,2018_ID,Idaho
CO09036.2RU,NA,2018_ID,Colorado
CO09036.2RU,NA,2018_ID,Colorado
CO09036.2RU,NA,2018_ID,Colorado
ND050032.4Russ,NA,2018_ID,NorthDakota
ND050032.4Russ,NA,2018_ID,NorthDakota
ND050032.4Russ,NA,2018_ID,NorthDakota
AF5494.3,NA,2018_ME,Idaho
AF5628.2,NA,2018_ME,Idaho
AF5644.8,NA,2018_ME,Idaho
AF5661.13,NA,2018_ME,Idaho
COAF11149.5,NA,2018_ME,Colorado
ND12241YB.2Russ,NA,2018_ME,NorthDakota
NDAF113476CB.3,NA,2018_ME,NorthDakota
W13012.18rus,NA,2018_ME,Wisconsin
W13A11229.1rus,NA,2018_ME,Wisconsin
AAF10237.4,NA,2018_ME,Idaho
AAF10237.4,NA,2018_ME,Idaho
AAF10615.1,NA,2018_ME,Idaho
AAF10615.1,NA,2018_ME,Idaho
AF5492.6,NA,2018_ME,Idaho
AF5492.6,NA,2018_ME,Idaho
AAF07521.1,NA,2018_ME,Idaho
AAF07521.1,NA,2018_ME,Idaho
AAF07521.1,NA,2018_ME,Idaho
AF5071.2,NA,2018_ME,Idaho
AF5071.2,NA,2018_ME,Idaho
AF5071.2,NA,2018_ME,Idaho
AF5406.7,NA,2018_ME,Idaho
AF5406.7,NA,2018_ME,Idaho
AF5406.7,NA,2018_ME,Idaho
CO09036.2RU,NA,2018_ME,Colorado
CO09036.2RU,NA,2018_ME,Colorado
CO09036.2RU,NA,2018_ME,Colorado
ND050032.4Russ,NA,2018_ME,NorthDakota
ND050032.4Russ,NA,2018_ME,NorthDakota
ND050032.4Russ,NA,2018_ME,NorthDakota
A10595.13sto,NA,2018_ND,Idaho
A10947.3CSR,NA,2018_ND,Idaho
A11188.1,NA,2018_ND,Idaho
A11226.1,NA,2018_ND,Idaho
A11737.1LB,NA,2018_ND,Idaho
AF5494.3,NA,2018_ND,Idaho
AF5628.2,NA,2018_ND,Idaho
AF5644.8,NA,2018_ND,Idaho
AF5661.13,NA,2018_ND,Idaho
AOR10633.1,NA,2018_ND,Idaho
COAF11149.5,NA,2018_ND,Colorado
ND12241YB.2Russ,NA,2018_ND,NorthDakota
NDAF113476CB.3,NA,2018_ND,NorthDakota
W13012.18rus,NA,2018_ND,Wisconsin
W13A11229.1rus,NA,2018_ND,Wisconsin
A07098.4,NA,2018_ND,Idaho
A07098.4,NA,2018_ND,Idaho
A07705.4,NA,2018_ND,Idaho
A07705.4,NA,2018_ND,Idaho
A07769.4,NA,2018_ND,Idaho
A07769.4,NA,2018_ND,Idaho
A10594.8VR,NA,2018_ND,Idaho
AAF10237.4,NA,2018_ND,Idaho
AAF10237.4,NA,2018_ND,Idaho
AAF10615.1,NA,2018_ND,Idaho
AAF10615.1,NA,2018_ND,Idaho
AF5492.6,NA,2018_ND,Idaho
AF5492.6,NA,2018_ND,Idaho
AOR08540.1,NA,2018_ND,Idaho
AOR08540.1,NA,2018_ND,Idaho
A071012.4BF,NA,2018_ND,Idaho
A071012.4BF,NA,2018_ND,Idaho
A071012.4BF,NA,2018_ND,Idaho
AAF07521.1,NA,2018_ND,Idaho
AAF07521.1,NA,2018_ND,Idaho
AAF07521.1,NA,2018_ND,Idaho
AF5071.2,NA,2018_ND,Idaho
AF5071.2,NA,2018_ND,Idaho
AF5071.2,NA,2018_ND,Idaho
AF5406.7,NA,2018_ND,Idaho
AF5406.7,NA,2018_ND,Idaho
AF5406.7,NA,2018_ND,Idaho
AO02183.2,NA,2018_ND,Idaho
AO02183.2,NA,2018_ND,Idaho
AO02183.2,NA,2018_ND,Idaho
AOR06576.1,NA,2018_ND,Idaho
AOR06576.1,NA,2018_ND,Idaho
AOR06576.1,NA,2018_ND,Idaho
CO09036.2RU,NA,2018_ND,Colorado
CO09036.2RU,NA,2018_ND,Colorado
CO09036.2RU,NA,2018_ND,Colorado
ND050032.4Russ,NA,2018_ND,NorthDakota
ND050032.4Russ,NA,2018_ND,NorthDakota
ND050032.4Russ,NA,2018_ND,NorthDakota
A10595.13sto,51.47,2018_OR,Idaho
A10947.3CSR,28.47,2018_OR,Idaho
A11188.1,58.93,2018_OR,Idaho
A11226.1,58.53,2018_OR,Idaho
A11737.1LB,34.42,2018_OR,Idaho
AF5494.3,27.62,2018_OR,Idaho
AF5628.2,40.16,2018_OR,Idaho
AF5644.8,55.14,2018_OR,Idaho
AF5661.13,49.14,2018_OR,Idaho
AOR10633.1,49.27,2018_OR,Idaho
COAF11149.5,42.43,2018_OR,Colorado
ND12241YB.2Russ,36.65,2018_OR,NorthDakota
NDAF113476CB.3,36.13,2018_OR,NorthDakota
W13012.18rus,60.84,2018_OR,Wisconsin
W13A11229.1rus,57.25,2018_OR,Wisconsin
A07098.4,49.09,2018_OR,Idaho
A07098.4,56.29,2018_OR,Idaho
A07705.4,64.24,2018_OR,Idaho
A07705.4,60.29,2018_OR,Idaho
A07769.4,50.69,2018_OR,Idaho
A07769.4,70.03,2018_OR,Idaho
A10594.8VR,66.89,2018_OR,Idaho
AAF10237.4,61.59,2018_OR,Idaho
AAF10237.4,50.17,2018_OR,Idaho
AAF10615.1,43.06,2018_OR,Idaho
AAF10615.1,34.92,2018_OR,Idaho
AF5492.6,54.83,2018_OR,Idaho
AF5492.6,41.14,2018_OR,Idaho
AOR08540.1,72.14,2018_OR,Idaho
AOR08540.1,67.45,2018_OR,Idaho
A071012.4BF,61.91,2018_OR,Idaho
A071012.4BF,76.99,2018_OR,Idaho
A071012.4BF,55.17,2018_OR,Idaho
AAF07521.1,38.6,2018_OR,Idaho
AAF07521.1,34.92,2018_OR,Idaho
AAF07521.1,58.94,2018_OR,Idaho
AF5071.2,48.85,2018_OR,Idaho
AF5071.2,48.23,2018_OR,Idaho
AF5071.2,45.14,2018_OR,Idaho
AF5406.7,38.01,2018_OR,Idaho
AF5406.7,51.43,2018_OR,Idaho
AF5406.7,45.65,2018_OR,Idaho
AO02183.2,62.54,2018_OR,Idaho
AO02183.2,63.97,2018_OR,Idaho
AO02183.2,78.47,2018_OR,Idaho
AOR06576.1,55.1,2018_OR,Idaho
AOR06576.1,66.92,2018_OR,Idaho
AOR06576.1,62.9,2018_OR,Idaho
CO09036.2RU,41.83,2018_OR,Colorado
CO09036.2RU,32.07,2018_OR,Colorado
CO09036.2RU,43.07,2018_OR,Colorado
ND050032.4Russ,46.12,2018_OR,NorthDakota
ND050032.4Russ,51.57,2018_OR,NorthDakota
ND050032.4Russ,86.02,2018_OR,NorthDakota
A10595.13sto,812.8,2018_WA,Idaho
A10947.3CSR,600,2018_WA,Idaho
A11188.1,NA,2018_WA,Idaho
A11226.1,888.6,2018_WA,Idaho
A11737.1LB,595,2018_WA,Idaho
AF5494.3,687.8,2018_WA,Idaho
AF5628.2,702.6,2018_WA,Idaho
AF5644.8,849.1,2018_WA,Idaho
AF5661.13,831.8,2018_WA,Idaho
AOR10633.1,NA,2018_WA,Idaho
COAF11149.5,640.4,2018_WA,Colorado
ND12241YB.2Russ,788.2,2018_WA,NorthDakota
NDAF113476CB.3,796.9,2018_WA,NorthDakota
W13012.18rus,999.3,2018_WA,Wisconsin
W13A11229.1rus,NA,2018_WA,Wisconsin
A07098.4,850.4,2018_WA,Idaho
A07098.4,799.6,2018_WA,Idaho
A07705.4,NA,2018_WA,Idaho
A07705.4,NA,2018_WA,Idaho
A07769.4,887.5,2018_WA,Idaho
A07769.4,858.4,2018_WA,Idaho
A10594.8VR,865.3,2018_WA,Idaho
AAF10237.4,916.8,2018_WA,Idaho
AAF10237.4,945.4,2018_WA,Idaho
AAF10615.1,756.4,2018_WA,Idaho
AAF10615.1,738.1,2018_WA,Idaho
AF5492.6,863.9,2018_WA,Idaho
AF5492.6,860.6,2018_WA,Idaho
AOR08540.1,NA,2018_WA,Idaho
AOR08540.1,NA,2018_WA,Idaho
A071012.4BF,NA,2018_WA,Idaho
A071012.4BF,NA,2018_WA,Idaho
A071012.4BF,NA,2018_WA,Idaho
AAF07521.1,695.9,2018_WA,Idaho
AAF07521.1,721.5,2018_WA,Idaho
AAF07521.1,698.8,2018_WA,Idaho
AF5071.2,950.9,2018_WA,Idaho
AF5071.2,880.7,2018_WA,Idaho
AF5071.2,938.9,2018_WA,Idaho
AF5406.7,853.5,2018_WA,Idaho
AF5406.7,617.4,2018_WA,Idaho
AF5406.7,809.1,2018_WA,Idaho
AO02183.2,976.5,2018_WA,Idaho
AO02183.2,NA,2018_WA,Idaho
AO02183.2,NA,2018_WA,Idaho
AOR06576.1,NA,2018_WA,Idaho
AOR06576.1,912.8,2018_WA,Idaho
AOR06576.1,NA,2018_WA,Idaho
CO09036.2RU,718.8,2018_WA,Colorado
CO09036.2RU,623.3,2018_WA,Colorado
CO09036.2RU,649.8,2018_WA,Colorado
ND050032.4Russ,702.3,2018_WA,NorthDakota
ND050032.4Russ,732.1,2018_WA,NorthDakota
ND050032.4Russ,807.8,2018_WA,NorthDakota
A10595.13sto,NA,2018_WI,Idaho
A10947.3CSR,NA,2018_WI,Idaho
A11188.1,NA,2018_WI,Idaho
A11226.1,NA,2018_WI,Idaho
A11737.1LB,NA,2018_WI,Idaho
AF5494.3,NA,2018_WI,Idaho
AF5628.2,NA,2018_WI,Idaho
AF5644.8,NA,2018_WI,Idaho
AF5661.13,NA,2018_WI,Idaho
AOR10633.1,NA,2018_WI,Idaho
COAF11149.5,NA,2018_WI,Colorado
ND12241YB.2Russ,NA,2018_WI,NorthDakota
NDAF113476CB.3,NA,2018_WI,NorthDakota
W13012.18rus,NA,2018_WI,Wisconsin
W13A11229.1rus,NA,2018_WI,Wisconsin
A07098.4,NA,2018_WI,Idaho
A07098.4,NA,2018_WI,Idaho
A07705.4,NA,2018_WI,Idaho
A07705.4,NA,2018_WI,Idaho
A07769.4,NA,2018_WI,Idaho
A07769.4,NA,2018_WI,Idaho
A10594.8VR,NA,2018_WI,Idaho
AAF10237.4,NA,2018_WI,Idaho
AAF10237.4,NA,2018_WI,Idaho
AAF10615.1,NA,2018_WI,Idaho
AAF10615.1,NA,2018_WI,Idaho
AF5492.6,NA,2018_WI,Idaho
AF5492.6,NA,2018_WI,Idaho
AOR08540.1,NA,2018_WI,Idaho
AOR08540.1,NA,2018_WI,Idaho
A071012.4BF,NA,2018_WI,Idaho
A071012.4BF,NA,2018_WI,Idaho
A071012.4BF,NA,2018_WI,Idaho
AAF07521.1,NA,2018_WI,Idaho
AAF07521.1,NA,2018_WI,Idaho
AAF07521.1,NA,2018_WI,Idaho
AF5071.2,NA,2018_WI,Idaho
AF5071.2,NA,2018_WI,Idaho
AF5071.2,NA,2018_WI,Idaho
AF5406.7,NA,2018_WI,Idaho
AF5406.7,NA,2018_WI,Idaho
AF5406.7,NA,2018_WI,Idaho
AO02183.2,NA,2018_WI,Idaho
AO02183.2,NA,2018_WI,Idaho
AO02183.2,NA,2018_WI,Idaho
AOR06576.1,NA,2018_WI,Idaho
AOR06576.1,NA,2018_WI,Idaho
AOR06576.1,NA,2018_WI,Idaho
CO09036.2RU,NA,2018_WI,Colorado
CO09036.2RU,NA,2018_WI,Colorado
CO09036.2RU,NA,2018_WI,Colorado
ND050032.4Russ,NA,2018_WI,NorthDakota
ND050032.4Russ,NA,2018_WI,NorthDakota
ND050032.4Russ,NA,2018_WI,NorthDakota
AAF10943.4,485.7,2019_ID,Idaho
AF5521.1,356.5,2019_ID,Idaho
NDAF092412.3Rus,346.3,2019_ID,NorthDakota
AF5707.1,404.4,2019_ID,Idaho
AF5731.11,373.9,2019_ID,Idaho
AF5750.16,520.5,2019_ID,Idaho
AF5750.17,564.1,2019_ID,Idaho
AF5762.4,442.9,2019_ID,Idaho
AF5789.1,385.5,2019_ID,Idaho
ND113100.1Russ,167.7,2019_ID,NorthDakota
ND13242B.8Russ,NA,2019_ID,NorthDakota
ND13243B.3Russ,405.8,2019_ID,NorthDakota
ND13243B.14Russ,122.7,2019_ID,NorthDakota
ND13288.2Russ,144.5,2019_ID,NorthDakota
AOR12149.1,482.1,2019_ID,Idaho
AOR13064.2,400.8,2019_ID,Idaho
CO11009.3RU,241.8,2019_ID,Colorado
CO10094.5RU,134.3,2019_ID,Colorado
A09086.1LB,488.6,2019_ID,Idaho
A09119.4LB,254.1,2019_ID,Idaho
A10007.3,420.4,2019_ID,Idaho
A10071.1,283.9,2019_ID,Idaho
A10508.2LB,504.6,2019_ID,Idaho
A10611.3adg,475.5,2019_ID,Idaho
A11188.1,460.3,2019_ID,Idaho
A11194.1,259.2,2019_ID,Idaho
A11234.2,471.2,2019_ID,Idaho
A11326.1,453,2019_ID,Idaho
A12114.7,472.6,2019_ID,Idaho
A12115.16sto,487.9,2019_ID,Idaho
A12314.1sto,527.1,2019_ID,Idaho
COA11013.2,442.9,2019_ID,Colorado
AF5644.8,411.6,2019_ID,Idaho
AF5644.8,465.4,2019_ID,Idaho
AF5661.13,387.7,2019_ID,Idaho
AF5661.13,352.1,2019_ID,Idaho
NDAF113476CB.3,481.3,2019_ID,NorthDakota
NDAF113476CB.3,450.1,2019_ID,NorthDakota
ND12241YB.2Russ,337.6,2019_ID,NorthDakota
ND12241YB.2Russ,100.9,2019_ID,NorthDakota
A10595.13sto,349.2,2019_ID,Idaho
A10595.13sto,447.2,2019_ID,Idaho
A11737.1LB,300.6,2019_ID,Idaho
A11737.1LB,277.3,2019_ID,Idaho
AAF10615.1,360.1,2019_ID,Idaho
AAF10615.1,409.5,2019_ID,Idaho
AAF10615.1,368.8,2019_ID,Idaho
AF5492.6,389.1,2019_ID,Idaho
AF5492.6,314.4,2019_ID,Idaho
AF5492.6,374.6,2019_ID,Idaho
AOR08540.1,312.2,2019_ID,Idaho
AOR08540.1,276.6,2019_ID,Idaho
AOR08540.1,329.6,2019_ID,Idaho
AO02183.2,522.7,2019_ID,Idaho
AO02183.2,479.2,2019_ID,Idaho
AO02183.2,351.4,2019_ID,Idaho
A07769.4,479.2,2019_ID,Idaho
A07769.4,516.2,2019_ID,Idaho
A07769.4,394.9,2019_ID,Idaho
A10594.8VR,331.8,2019_ID,Idaho
A10594.8VR,431.2,2019_ID,Idaho
A10594.8VR,261.4,2019_ID,Idaho
AAF10943.4,286.5,2019_ME,Idaho
AF5521.1,165.1,2019_ME,Idaho
NDAF092412.3Rus,291.5,2019_ME,NorthDakota
AF5707.1,235.9,2019_ME,Idaho
AF5731.11,192.2,2019_ME,Idaho
AF5750.16,238.1,2019_ME,Idaho
AF5750.17,132.9,2019_ME,Idaho
AF5762.4,154.9,2019_ME,Idaho
AF5789.1,209.4,2019_ME,Idaho
ND113100.1Russ,198.7,2019_ME,NorthDakota
ND13242B.8Russ,110.3,2019_ME,NorthDakota
ND13243B.3Russ,241.4,2019_ME,NorthDakota
ND13243B.14Russ,151.2,2019_ME,NorthDakota
ND13288.2Russ,136.5,2019_ME,NorthDakota
CO11009.3RU,199,2019_ME,Colorado
CO10094.5RU,113.4,2019_ME,Colorado
AF5644.8,217.5,2019_ME,Idaho
AF5644.8,222.8,2019_ME,Idaho
AF5661.13,243.2,2019_ME,Idaho
AF5661.13,190,2019_ME,Idaho
NDAF113476CB.3,165,2019_ME,NorthDakota
NDAF113476CB.3,153,2019_ME,NorthDakota
ND12241YB.2Russ,150.6,2019_ME,NorthDakota
ND12241YB.2Russ,161.4,2019_ME,NorthDakota
AAF10615.1,256.6,2019_ME,Idaho
AAF10615.1,259.5,2019_ME,Idaho
AAF10615.1,249.9,2019_ME,Idaho
AF5492.6,186.7,2019_ME,Idaho
AF5492.6,156.1,2019_ME,Idaho
AF5492.6,139,2019_ME,Idaho
AAF10943.4,499.5,2019_OR,Idaho
AF5521.1,758.3,2019_OR,Idaho
NDAF092412.3Rus,770.1,2019_OR,NorthDakota
AF5707.1,959.1,2019_OR,Idaho
AF5731.11,684.6,2019_OR,Idaho
AF5750.16,775.9,2019_OR,Idaho
AF5750.17,839.7,2019_OR,Idaho
AF5762.4,1341.3,2019_OR,Idaho
AF5789.1,949.8,2019_OR,Idaho
ND113100.1Russ,832.6,2019_OR,NorthDakota
ND13242B.8Russ,493.7,2019_OR,NorthDakota
ND13243B.3Russ,682,2019_OR,NorthDakota
ND13243B.14Russ,517.3,2019_OR,NorthDakota
ND13288.2Russ,921.5,2019_OR,NorthDakota
AOR12149.1,907.6,2019_OR,Idaho
AOR13064.2,1064.8,2019_OR,Idaho
CO11009.3RU,890.3,2019_OR,Colorado
CO10094.5RU,361.6,2019_OR,Colorado
A09086.1LB,966.5,2019_OR,Idaho
A09119.4LB,766.1,2019_OR,Idaho
A10007.3,734.1,2019_OR,Idaho
A10071.1,796.1,2019_OR,Idaho
A10508.2LB,924.6,2019_OR,Idaho
A10611.3adg,835.4,2019_OR,Idaho
A11188.1,971,2019_OR,Idaho
A11194.1,699.9,2019_OR,Idaho
A11234.2,999.1,2019_OR,Idaho
A11326.1,890.7,2019_OR,Idaho
A12114.7,730.6,2019_OR,Idaho
A12115.16sto,1130.2,2019_OR,Idaho
A12314.1sto,946.4,2019_OR,Idaho
COA11013.2,779.6,2019_OR,Colorado
AF5644.8,NA,2019_OR,Idaho
AF5644.8,716.4,2019_OR,Idaho
AF5661.13,633.6,2019_OR,Idaho
AF5661.13,624.4,2019_OR,Idaho
NDAF113476CB.3,994.5,2019_OR,NorthDakota
NDAF113476CB.3,1187.2,2019_OR,NorthDakota
ND12241YB.2Russ,710.3,2019_OR,NorthDakota
ND12241YB.2Russ,673.5,2019_OR,NorthDakota
A10595.13sto,570.1,2019_OR,Idaho
A10595.13sto,697.5,2019_OR,Idaho
A11737.1LB,416.9,2019_OR,Idaho
A11737.1LB,341.9,2019_OR,Idaho
AAF10615.1,537,2019_OR,Idaho
AAF10615.1,626.9,2019_OR,Idaho
AAF10615.1,600.9,2019_OR,Idaho
AF5492.6,941.8,2019_OR,Idaho
AF5492.6,677.5,2019_OR,Idaho
AF5492.6,788.5,2019_OR,Idaho
AOR08540.1,1064,2019_OR,Idaho
AOR08540.1,870.4,2019_OR,Idaho
AOR08540.1,939.6,2019_OR,Idaho
AO02183.2,1192.1,2019_OR,Idaho
AO02183.2,846.3,2019_OR,Idaho
AO02183.2,NA,2019_OR,Idaho
A07769.4,845.6,2019_OR,Idaho
A07769.4,751.9,2019_OR,Idaho
A07769.4,987.7,2019_OR,Idaho
A10594.8VR,1219.2,2019_OR,Idaho
A10594.8VR,960.9,2019_OR,Idaho
A10594.8VR,NA,2019_OR,Idaho
AAF10943.4,754.47,2019_WA,Idaho
AF5521.1,1091.54,2019_WA,Idaho
NDAF092412.3Rus,906.16,2019_WA,NorthDakota
AF5707.1,895.08,2019_WA,Idaho
AF5731.11,648.98,2019_WA,Idaho
AF5750.16,958.76,2019_WA,Idaho
AF5750.17,950.95,2019_WA,Idaho
AF5762.4,746.43,2019_WA,Idaho
AF5789.1,1046.95,2019_WA,Idaho
ND113100.1Russ,861,2019_WA,NorthDakota
ND13242B.8Russ,740.32,2019_WA,NorthDakota
ND13243B.3Russ,951.15,2019_WA,NorthDakota
ND13243B.14Russ,444.25,2019_WA,NorthDakota
ND13288.2Russ,617.26,2019_WA,NorthDakota
AOR12149.1,791.93,2019_WA,Idaho
AOR13064.2,1031.82,2019_WA,Idaho
CO11009.3RU,1035.72,2019_WA,Colorado
CO10094.5RU,483.06,2019_WA,Colorado
A09086.1LB,1125.66,2019_WA,Idaho
A09119.4LB,966.21,2019_WA,Idaho
A10007.3,765.94,2019_WA,Idaho
A10071.1,1134.27,2019_WA,Idaho
A10508.2LB,975.08,2019_WA,Idaho
A10611.3adg,1145.92,2019_WA,Idaho
A11188.1,1277.97,2019_WA,Idaho
A11194.1,767.95,2019_WA,Idaho
A11234.2,780.29,2019_WA,Idaho
A11326.1,1077.18,2019_WA,Idaho
A12114.7,864.4,2019_WA,Idaho
A12115.16sto,1080.99,2019_WA,Idaho
A12314.1sto,690.58,2019_WA,Idaho
COA11013.2,886.32,2019_WA,Colorado
AF5644.8,760.48,2019_WA,Idaho
AF5644.8,739.62,2019_WA,Idaho
AF5661.13,824.9,2019_WA,Idaho
AF5661.13,888.62,2019_WA,Idaho
NDAF113476CB.3,909.74,2019_WA,NorthDakota
NDAF113476CB.3,1226.79,2019_WA,NorthDakota
ND12241YB.2Russ,761.85,2019_WA,NorthDakota
ND12241YB.2Russ,867.82,2019_WA,NorthDakota
A10595.13sto,758.72,2019_WA,Idaho
A10595.13sto,567.66,2019_WA,Idaho
A11737.1LB,563.81,2019_WA,Idaho
A11737.1LB,590.95,2019_WA,Idaho
AAF10615.1,703.03,2019_WA,Idaho
AAF10615.1,677.13,2019_WA,Idaho
AAF10615.1,646.9,2019_WA,Idaho
AF5492.6,1118.65,2019_WA,Idaho
AF5492.6,1098.34,2019_WA,Idaho
AF5492.6,1058.69,2019_WA,Idaho
AOR08540.1,902.83,2019_WA,Idaho
AOR08540.1,1100,2019_WA,Idaho
AOR08540.1,1091.35,2019_WA,Idaho
AO02183.2,1398.87,2019_WA,Idaho
AO02183.2,1424.73,2019_WA,Idaho
AO02183.2,1397.51,2019_WA,Idaho
A07769.4,985.22,2019_WA,Idaho
A07769.4,1049.24,2019_WA,Idaho
A07769.4,1037.34,2019_WA,Idaho
A10594.8VR,1077.74,2019_WA,Idaho
A10594.8VR,1077.03,2019_WA,Idaho
A10594.8VR,1354.94,2019_WA,Idaho
AAF10943.4,0.49,2019_WI,Idaho
AF5521.1,0.39,2019_WI,Idaho
NDAF092412.3Rus,0.45,2019_WI,NorthDakota
AF5707.1,0.59,2019_WI,Idaho
AF5731.11,0.51,2019_WI,Idaho
AF5750.16,0.49,2019_WI,Idaho
AF5750.17,0.51,2019_WI,Idaho
AF5762.4,0.44,2019_WI,Idaho
AF5789.1,0.49,2019_WI,Idaho
ND113100.1Russ,0.37,2019_WI,NorthDakota
ND13242B.8Russ,0.46,2019_WI,NorthDakota
ND13243B.3Russ,0.52,2019_WI,NorthDakota
ND13243B.14Russ,0.4,2019_WI,NorthDakota
ND13288.2Russ,0.48,2019_WI,NorthDakota
AOR12149.1,0.52,2019_WI,Idaho
AOR13064.2,0.37,2019_WI,Idaho
CO11009.3RU,0.44,2019_WI,Colorado
CO10094.5RU,0.3,2019_WI,Colorado
A09086.1LB,0.59,2019_WI,Idaho
A09119.4LB,0.53,2019_WI,Idaho
A10007.3,0.59,2019_WI,Idaho
A10071.1,0.49,2019_WI,Idaho
A10508.2LB,0.63,2019_WI,Idaho
A10611.3adg,0.54,2019_WI,Idaho
A11188.1,0.55,2019_WI,Idaho
A11194.1,0.5,2019_WI,Idaho
A11234.2,0.75,2019_WI,Idaho
A11326.1,0.67,2019_WI,Idaho
A12114.7,0.41,2019_WI,Idaho
A12115.16sto,0.65,2019_WI,Idaho
A12314.1sto,0.15,2019_WI,Idaho
COA11013.2,0.51,2019_WI,Colorado
AF5644.8,0.56,2019_WI,Idaho
AF5644.8,0.5,2019_WI,Idaho
AF5661.13,0.52,2019_WI,Idaho
AF5661.13,0.49,2019_WI,Idaho
NDAF113476CB.3,0.71,2019_WI,NorthDakota
NDAF113476CB.3,0.69,2019_WI,NorthDakota
ND12241YB.2Russ,0.55,2019_WI,NorthDakota
ND12241YB.2Russ,0.58,2019_WI,NorthDakota
A10595.13sto,0.56,2019_WI,Idaho
A10595.13sto,0.53,2019_WI,Idaho
A11737.1LB,0.38,2019_WI,Idaho
A11737.1LB,0.29,2019_WI,Idaho
AAF10615.1,0.42,2019_WI,Idaho
AAF10615.1,0.45,2019_WI,Idaho
AAF10615.1,0.42,2019_WI,Idaho
AF5492.6,0.53,2019_WI,Idaho
AF5492.6,0.52,2019_WI,Idaho
AF5492.6,0.46,2019_WI,Idaho
AOR08540.1,0.68,2019_WI,Idaho
AOR08540.1,0.61,2019_WI,Idaho
AOR08540.1,0.58,2019_WI,Idaho
AO02183.2,0.52,2019_WI,Idaho
AO02183.2,0.45,2019_WI,Idaho
AO02183.2,0.48,2019_WI,Idaho
A07769.4,0.53,2019_WI,Idaho
A07769.4,0.39,2019_WI,Idaho
A07769.4,0.44,2019_WI,Idaho
A10594.8VR,0.57,2019_WI,Idaho
A10594.8VR,0.52,2019_WI,Idaho
A10594.8VR,0.6,2019_WI,Idaho
CO12152.1RU,NA,2020_ID,Colorado
CO12246.1RU,NA,2020_ID,Colorado
CO12378.1RU,NA,2020_ID,Colorado
A08292.1LB,NA,2020_ID,Idaho
A09022.4,NA,2020_ID,Idaho
A09136.9LB,NA,2020_ID,Idaho
A10020.3sto,NA,2020_ID,Idaho
A10635.2VR,NA,2020_ID,Idaho
A12076.4sto,NA,2020_ID,Idaho
A12304.1sto,NA,2020_ID,Idaho
A12304.4sto,NA,2020_ID,Idaho
A12305.2adg,NA,2020_ID,Idaho
A12308.4VR,NA,2020_ID,Idaho
A12327.5VR,NA,2020_ID,Idaho
A13036.1,NA,2020_ID,Idaho
A13038.3,NA,2020_ID,Idaho
AFA5661.8,NA,2020_ID,Idaho
AF5711.2,NA,2020_ID,Idaho
AF5735.8,NA,2020_ID,Idaho
AF5736.16,NA,2020_ID,Idaho
AF5741.6,NA,2020_ID,Idaho
AF5770.7,NA,2020_ID,Idaho
AAF10596.1,NA,2020_ID,Idaho
COAF11018.10,NA,2020_ID,Colorado
ND1412Y.5Russ,NA,2020_ID,NorthDakota
ND14110B.1Russ,NA,2020_ID,NorthDakota
AOR10093.11,NA,2020_ID,Idaho
AOR10129.1,NA,2020_ID,Idaho
AOR11027.4,NA,2020_ID,Idaho
AOR10654.11,NA,2020_ID,Idaho
AF5707.1,NA,2020_ID,Idaho
AF5707.1,NA,2020_ID,Idaho
AF5731.11,NA,2020_ID,Idaho
AF5731.11,NA,2020_ID,Idaho
AF5750.16,NA,2020_ID,Idaho
AF5750.16,NA,2020_ID,Idaho
AOR13064.2,NA,2020_ID,Idaho
AOR13064.2,NA,2020_ID,Idaho
CO11009.3RU,NA,2020_ID,Colorado
CO11009.3RU,NA,2020_ID,Colorado
A09086.1LB,NA,2020_ID,Idaho
A09086.1LB,NA,2020_ID,Idaho
A10007.3,NA,2020_ID,Idaho
A10007.3,NA,2020_ID,Idaho
A10071.1,NA,2020_ID,Idaho
A10071.1,NA,2020_ID,Idaho
A10508.2LB,NA,2020_ID,Idaho
A10508.2LB,NA,2020_ID,Idaho
A11326.1,NA,2020_ID,Idaho
A11326.1,NA,2020_ID,Idaho
A12114.7,NA,2020_ID,Idaho
A12114.7,NA,2020_ID,Idaho
A12115.16sto,NA,2020_ID,Idaho
A12115.16sto,NA,2020_ID,Idaho
A12314.1sto,NA,2020_ID,Idaho
A12314.1sto,NA,2020_ID,Idaho
W13A11229.1rus,NA,2020_ID,Wisconsin
W13A11229.1rus,NA,2020_ID,Wisconsin
NDAF113476CB.3,NA,2020_ID,NorthDakota
NDAF113476CB.3,NA,2020_ID,NorthDakota
NDAF113476CB.3,NA,2020_ID,NorthDakota
CO12152.1RU,NA,2020_ME,Colorado
CO12246.1RU,NA,2020_ME,Colorado
CO12378.1RU,NA,2020_ME,Colorado
AF5711.2,NA,2020_ME,Idaho
AF5735.8,NA,2020_ME,Idaho
AF5736.16,NA,2020_ME,Idaho
AF5741.6,NA,2020_ME,Idaho
AF5770.7,NA,2020_ME,Idaho
AAF10596.1,NA,2020_ME,Idaho
COAF11018.10,NA,2020_ME,Colorado
ND1412Y.5Russ,NA,2020_ME,NorthDakota
ND14110B.1Russ,NA,2020_ME,NorthDakota
AF5707.1,NA,2020_ME,Idaho
AF5707.1,NA,2020_ME,Idaho
AF5731.11,NA,2020_ME,Idaho
AF5731.11,NA,2020_ME,Idaho
AF5750.16,NA,2020_ME,Idaho
AF5750.16,NA,2020_ME,Idaho
CO11009.3RU,NA,2020_ME,Colorado
CO11009.3RU,NA,2020_ME,Colorado
W13A11229.1rus,NA,2020_ME,Wisconsin
W13A11229.1rus,NA,2020_ME,Wisconsin
NDAF113476CB.3,NA,2020_ME,NorthDakota
NDAF113476CB.3,NA,2020_ME,NorthDakota
NDAF113476CB.3,NA,2020_ME,NorthDakota
CO12152.1RU,NA,2020_ND,Colorado
CO12246.1RU,NA,2020_ND,Colorado
CO12378.1RU,NA,2020_ND,Colorado
A08292.1LB,NA,2020_ND,Idaho
A09022.4,NA,2020_ND,Idaho
A09136.9LB,NA,2020_ND,Idaho
A10020.3sto,NA,2020_ND,Idaho
A10635.2VR,NA,2020_ND,Idaho
A12076.4sto,NA,2020_ND,Idaho
A12304.1sto,NA,2020_ND,Idaho
A12304.4sto,NA,2020_ND,Idaho
A12305.2adg,NA,2020_ND,Idaho
A12308.4VR,NA,2020_ND,Idaho
A12327.5VR,NA,2020_ND,Idaho
A13036.1,NA,2020_ND,Idaho
A13038.3,NA,2020_ND,Idaho
AFA5661.8,NA,2020_ND,Idaho
AF5711.2,NA,2020_ND,Idaho
AF5735.8,NA,2020_ND,Idaho
AF5736.16,NA,2020_ND,Idaho
AF5741.6,NA,2020_ND,Idaho
AF5770.7,NA,2020_ND,Idaho
AAF10596.1,NA,2020_ND,Idaho
COAF11018.10,NA,2020_ND,Colorado
ND1412Y.5Russ,NA,2020_ND,NorthDakota
ND14110B.1Russ,NA,2020_ND,NorthDakota
AOR10093.11,NA,2020_ND,Idaho
AOR10129.1,NA,2020_ND,Idaho
AOR11027.4,NA,2020_ND,Idaho
AOR10654.11,NA,2020_ND,Idaho
AF5707.1,NA,2020_ND,Idaho
AF5707.1,NA,2020_ND,Idaho
AF5731.11,NA,2020_ND,Idaho
AF5731.11,NA,2020_ND,Idaho
AF5750.16,NA,2020_ND,Idaho
AF5750.16,NA,2020_ND,Idaho
AOR13064.2,NA,2020_ND,Idaho
AOR13064.2,NA,2020_ND,Idaho
CO11009.3RU,NA,2020_ND,Colorado
CO11009.3RU,NA,2020_ND,Colorado
A09086.1LB,NA,2020_ND,Idaho
A09086.1LB,NA,2020_ND,Idaho
A10007.3,NA,2020_ND,Idaho
A10007.3,NA,2020_ND,Idaho
A10071.1,NA,2020_ND,Idaho
A10071.1,NA,2020_ND,Idaho
A10508.2LB,NA,2020_ND,Idaho
A10508.2LB,NA,2020_ND,Idaho
A11326.1,NA,2020_ND,Idaho
A11326.1,NA,2020_ND,Idaho
A12114.7,NA,2020_ND,Idaho
A12114.7,NA,2020_ND,Idaho
A12115.16sto,NA,2020_ND,Idaho
A12115.16sto,NA,2020_ND,Idaho
A12314.1sto,NA,2020_ND,Idaho
A12314.1sto,NA,2020_ND,Idaho
W13A11229.1rus,NA,2020_ND,Wisconsin
W13A11229.1rus,NA,2020_ND,Wisconsin
NDAF113476CB.3,NA,2020_ND,NorthDakota
NDAF113476CB.3,NA,2020_ND,NorthDakota
NDAF113476CB.3,NA,2020_ND,NorthDakota
CO12152.1RU,492.5,2020_OR,Colorado
CO12246.1RU,636.9,2020_OR,Colorado
CO12378.1RU,778.9,2020_OR,Colorado
A08292.1LB,696.8,2020_OR,Idaho
A09022.4,534.7,2020_OR,Idaho
A09136.9LB,959.2,2020_OR,Idaho
A10020.3sto,1018.7,2020_OR,Idaho
A10635.2VR,757.9,2020_OR,Idaho
A12076.4sto,767.7,2020_OR,Idaho
A12304.1sto,907.5,2020_OR,Idaho
A12304.4sto,549.4,2020_OR,Idaho
A12305.2adg,1056.3,2020_OR,Idaho
A12308.4VR,444.2,2020_OR,Idaho
A12327.5VR,1108.7,2020_OR,Idaho
A13036.1,896.6,2020_OR,Idaho
A13038.3,800.9,2020_OR,Idaho
AFA5661.8,832.4,2020_OR,Idaho
AF5711.2,765.7,2020_OR,Idaho
AF5735.8,811.8,2020_OR,Idaho
AF5736.16,712.8,2020_OR,Idaho
AF5741.6,678.1,2020_OR,Idaho
AF5770.7,815.4,2020_OR,Idaho
AAF10596.1,635.3,2020_OR,Idaho
COAF11018.10,641.3,2020_OR,Colorado
ND1412Y.5Russ,1001.8,2020_OR,NorthDakota
ND14110B.1Russ,568.5,2020_OR,NorthDakota
AOR10093.11,884.7,2020_OR,Idaho
AOR10129.1,843.1,2020_OR,Idaho
AOR11027.4,730.4,2020_OR,Idaho
AOR10654.11,848.7,2020_OR,Idaho
AF5707.1,886.9,2020_OR,Idaho
AF5707.1,685.2,2020_OR,Idaho
AF5731.11,608.5,2020_OR,Idaho
AF5731.11,548.9,2020_OR,Idaho
AF5750.16,788,2020_OR,Idaho
AF5750.16,690.3,2020_OR,Idaho
AOR13064.2,779,2020_OR,Idaho
AOR13064.2,693.2,2020_OR,Idaho
CO11009.3RU,835.6,2020_OR,Colorado
CO11009.3RU,727.9,2020_OR,Colorado
A09086.1LB,999.2,2020_OR,Idaho
A09086.1LB,954.8,2020_OR,Idaho
A10007.3,595.7,2020_OR,Idaho
A10007.3,645.9,2020_OR,Idaho
A10071.1,989.7,2020_OR,Idaho
A10071.1,828.4,2020_OR,Idaho
A10508.2LB,868.4,2020_OR,Idaho
A10508.2LB,707.4,2020_OR,Idaho
A11326.1,873.1,2020_OR,Idaho
A11326.1,942.8,2020_OR,Idaho
A12114.7,543.6,2020_OR,Idaho
A12114.7,652.4,2020_OR,Idaho
A12115.16sto,1228.7,2020_OR,Idaho
A12115.16sto,810.7,2020_OR,Idaho
A12314.1sto,670.9,2020_OR,Idaho
A12314.1sto,687.1,2020_OR,Idaho
W13A11229.1rus,858.4,2020_OR,Wisconsin
W13A11229.1rus,868.8,2020_OR,Wisconsin
NDAF113476CB.3,469.9,2020_OR,NorthDakota
NDAF113476CB.3,407.9,2020_OR,NorthDakota
NDAF113476CB.3,581.3,2020_OR,NorthDakota
CO12152.1RU,433.5,2020_WA,Colorado
CO12246.1RU,719.4,2020_WA,Colorado
CO12378.1RU,637.9,2020_WA,Colorado
A08292.1LB,708,2020_WA,Idaho
A09022.4,637.3,2020_WA,Idaho
A09136.9LB,1221.6,2020_WA,Idaho
A10020.3sto,1019.6,2020_WA,Idaho
A10635.2VR,1266.9,2020_WA,Idaho
A12076.4sto,603.5,2020_WA,Idaho
A12304.1sto,1166.9,2020_WA,Idaho
A12304.4sto,657.5,2020_WA,Idaho
A12305.2adg,1234.2,2020_WA,Idaho
A12308.4VR,489.4,2020_WA,Idaho
A12327.5VR,1180.6,2020_WA,Idaho
A13036.1,872.3,2020_WA,Idaho
A13038.3,914.5,2020_WA,Idaho
AFA5661.8,626.1,2020_WA,Idaho
AF5711.2,618.6,2020_WA,Idaho
AF5735.8,1001.7,2020_WA,Idaho
AF5736.16,841,2020_WA,Idaho
AF5741.6,627.4,2020_WA,Idaho
AF5770.7,873.4,2020_WA,Idaho
AAF10596.1,771.8,2020_WA,Idaho
COAF11018.10,705.3,2020_WA,Colorado
ND1412Y.5Russ,1013.1,2020_WA,NorthDakota
ND14110B.1Russ,699.7,2020_WA,NorthDakota
AOR10093.11,919.2,2020_WA,Idaho
AOR10129.1,762.7,2020_WA,Idaho
AOR11027.4,878.5,2020_WA,Idaho
AOR10654.11,976.6,2020_WA,Idaho
AF5707.1,1024.3,2020_WA,Idaho
AF5707.1,1181.3,2020_WA,Idaho
AF5731.11,317.4,2020_WA,Idaho
AF5731.11,501.1,2020_WA,Idaho
AF5750.16,887.4,2020_WA,Idaho
AF5750.16,900.1,2020_WA,Idaho
AOR13064.2,1006,2020_WA,Idaho
AOR13064.2,975,2020_WA,Idaho
CO11009.3RU,1036.8,2020_WA,Colorado
CO11009.3RU,777.9,2020_WA,Colorado
A09086.1LB,1071.1,2020_WA,Idaho
A09086.1LB,1248.9,2020_WA,Idaho
A10007.3,683.7,2020_WA,Idaho
A10007.3,738.3,2020_WA,Idaho
A10071.1,977.8,2020_WA,Idaho
A10071.1,1119.8,2020_WA,Idaho
A10508.2LB,645.2,2020_WA,Idaho
A10508.2LB,683.4,2020_WA,Idaho
A11326.1,1068.9,2020_WA,Idaho
A11326.1,1012.6,2020_WA,Idaho
A12114.7,642,2020_WA,Idaho
A12114.7,505.9,2020_WA,Idaho
A12115.16sto,956.4,2020_WA,Idaho
A12115.16sto,1012.1,2020_WA,Idaho
A12314.1sto,644,2020_WA,Idaho
A12314.1sto,671.6,2020_WA,Idaho
W13A11229.1rus,1026.9,2020_WA,Wisconsin
W13A11229.1rus,1255.8,2020_WA,Wisconsin
NDAF113476CB.3,419.4,2020_WA,NorthDakota
NDAF113476CB.3,701.3,2020_WA,NorthDakota
NDAF113476CB.3,640.3,2020_WA,NorthDakota
CO12152.1RU,NA,2020_WI,Colorado
CO12246.1RU,NA,2020_WI,Colorado
CO12378.1RU,NA,2020_WI,Colorado
A08292.1LB,NA,2020_WI,Idaho
A09022.4,NA,2020_WI,Idaho
A09136.9LB,NA,2020_WI,Idaho
A10020.3sto,NA,2020_WI,Idaho
A10635.2VR,NA,2020_WI,Idaho
A12076.4sto,NA,2020_WI,Idaho
A12304.1sto,NA,2020_WI,Idaho
A12304.4sto,NA,2020_WI,Idaho
A12305.2adg,NA,2020_WI,Idaho
A12308.4VR,NA,2020_WI,Idaho
A12327.5VR,NA,2020_WI,Idaho
A13036.1,NA,2020_WI,Idaho
A13038.3,NA,2020_WI,Idaho
AFA5661.8,NA,2020_WI,Idaho
AF5711.2,NA,2020_WI,Idaho
AF5735.8,NA,2020_WI,Idaho
AF5736.16,NA,2020_WI,Idaho
AF5741.6,NA,2020_WI,Idaho
AF5770.7,NA,2020_WI,Idaho
AAF10596.1,NA,2020_WI,Idaho
COAF11018.10,NA,2020_WI,Colorado
ND1412Y.5Russ,NA,2020_WI,NorthDakota
ND14110B.1Russ,NA,2020_WI,NorthDakota
AOR10093.11,NA,2020_WI,Idaho
AOR10129.1,NA,2020_WI,Idaho
AOR11027.4,NA,2020_WI,Idaho
AOR10654.11,NA,2020_WI,Idaho
AF5707.1,NA,2020_WI,Idaho
AF5707.1,NA,2020_WI,Idaho
AF5731.11,NA,2020_WI,Idaho
AF5731.11,NA,2020_WI,Idaho
AF5750.16,NA,2020_WI,Idaho
AF5750.16,NA,2020_WI,Idaho
AOR13064.2,NA,2020_WI,Idaho
AOR13064.2,NA,2020_WI,Idaho
CO11009.3RU,NA,2020_WI,Colorado
CO11009.3RU,NA,2020_WI,Colorado
A09086.1LB,NA,2020_WI,Idaho
A09086.1LB,NA,2020_WI,Idaho
A10007.3,NA,2020_WI,Idaho
A10007.3,NA,2020_WI,Idaho
A10071.1,NA,2020_WI,Idaho
A10071.1,NA,2020_WI,Idaho
A10508.2LB,NA,2020_WI,Idaho
A10508.2LB,NA,2020_WI,Idaho
A11326.1,NA,2020_WI,Idaho
A11326.1,NA,2020_WI,Idaho
A12114.7,NA,2020_WI,Idaho
A12114.7,NA,2020_WI,Idaho
A12115.16sto,NA,2020_WI,Idaho
A12115.16sto,NA,2020_WI,Idaho
A12314.1sto,NA,2020_WI,Idaho
A12314.1sto,NA,2020_WI,Idaho
W13A11229.1rus,NA,2020_WI,Wisconsin
W13A11229.1rus,NA,2020_WI,Wisconsin
NDAF113476CB.3,NA,2020_WI,NorthDakota
NDAF113476CB.3,NA,2020_WI,NorthDakota
NDAF113476CB.3,NA,2020_WI,NorthDakota
