variety,yield_total,trial,code
A03921.2,364.1,2011_ID,A
PayetteRusset,365.8,2011_ID,PayetteRusset
ND060735.4Russ,397.6,2011_ID,ND
RussetBurbank,367.6,2011_ID,RussetBurbank
ND060735.4Russ,420.1,2011_ND,ND
PayetteRusset,400.9,2011_ND,PayetteRusset
A03921.2,416,2011_ND,A
RussetBurbank,519.4,2011_ND,RussetBurbank
RussetBurbank,654.5,2011_WA,RussetBurbank
A03921.2,736,2011_WA,A
PayetteRusset,465.9,2011_WA,PayetteRusset
ND060735.4Russ,573,2011_WA,ND
PayetteRusset,855.3,2012_ID,PayetteRusset
A03921.2,771.7,2012_ID,A
ND060735.4Russ,531.3,2012_ID,ND
RussetBurbank,496.5,2012_ID,RussetBurbank
AO02183.2,873.6,2012_ID,AO
EchoRusset,709,2012_ID,EchoRusset
ND060735.4Russ,169.9,2012_ME,ND
RussetBurbank,234.3,2012_ME,RussetBurbank
ND060735.4Russ,196.7,2012_ND,ND
RussetBurbank,229.8,2012_ND,RussetBurbank
EchoRusset,286.2,2012_ND,EchoRusset
AO02183.2,183.6,2012_ND,AO
A03921.2,154.6,2012_ND,A
PayetteRusset,141.5,2012_ND,PayetteRusset
ND060735.4Russ,624.2,2012_WA,ND
EchoRusset,663.7,2012_WA,EchoRusset
AO02183.2,856.4,2012_WA,AO
A03921.2,800,2012_WA,A
PayetteRusset,642.7,2012_WA,PayetteRusset
RussetBurbank,706.7,2012_WA,RussetBurbank
AO02183.2,266.3,2012_WI,AO
RussetBurbank,287.7,2012_WI,RussetBurbank
ND060735.4Russ,200.6,2012_WI,ND
PayetteRusset,170.4,2012_WI,PayetteRusset
A03921.2,252.7,2012_WI,A
EchoRusset,235.4,2012_WI,EchoRusset
PayetteRusset,850.1,2013_ID,PayetteRusset
A06084.1TE,618.4,2013_ID,A
AO06070.1KF,950.3,2013_ID,AO
EchoRusset,781.3,2013_ID,EchoRusset
ND060735.4Russ,314.4,2013_ID,ND
A03921.2,803.1,2013_ID,A
RussetBurbank,456.2,2013_ME,RussetBurbank
ND060735.4Russ,359.1,2013_ME,ND
ND060735.4Russ,58.8,2013_MI,ND
A06084.1TE,48.4,2013_MI,A
A03921.2,56.1,2013_MI,A
PayetteRusset,45.7,2013_MI,PayetteRusset
EchoRusset,62.2,2013_MI,EchoRusset
AO06070.1KF,52,2013_MI,AO
PayetteRusset,304.2,2013_ND,PayetteRusset
A03921.2,456.4,2013_ND,A
A06084.1TE,326.8,2013_ND,A
ND060735.4Russ,97.6,2013_ND,ND
RussetBurbank,413.1,2013_ND,RussetBurbank
AO06070.1KF,342.2,2013_ND,AO
EchoRusset,498.8,2013_ND,EchoRusset
A06084.1TE,628.3,2013_WA,A
A03921.2,726.7,2013_WA,A
PayetteRusset,621.7,2013_WA,PayetteRusset
ND060735.4Russ,667.8,2013_WA,ND
W9742.3rus,690.9,2013_WA,W
RussetBurbank,618.1,2013_WA,RussetBurbank
AO06070.1KF,816.4,2013_WA,AO
EchoRusset,712.4,2013_WA,EchoRusset
EchoRusset,304.2,2013_WI,EchoRusset
PayetteRusset,349.4,2013_WI,PayetteRusset
A03921.2,296.2,2013_WI,A
A06084.1TE,267.7,2013_WI,A
RussetBurbank,337.1,2013_WI,RussetBurbank
W9742.3rus,334.3,2013_WI,W
ND060735.4Russ,208.9,2013_WI,ND
CastleRusset,528.7,2014_ID,CastleRusset
RangerRusset,545.3,2014_ID,RangerRusset
A03921.2,584.4,2014_ID,A
A03921.2,514.8,2014_ID,A
A06084.1TE,392,2014_ID,A
A06084.1TE,393.7,2014_ID,A
AW07791.2rus,439,2014_ID,AW
AW07791.2rus,518.2,2014_ID,AW
RangerRusset,421.6,2014_ID,RangerRusset
PayetteRusset,506.1,2014_ID,PayetteRusset
PayetteRusset,508.7,2014_ID,PayetteRusset
AF4953.6,493.9,2014_ID,AF
AF4953.6,465.1,2014_ID,AF
AF4950.2,566.2,2014_ID,AF
AF4950.2,532.2,2014_ID,AF
DakotaTrailblazer,505.2,2014_ID,DakotaTrailblazer
DakotaTrailblazer,587.9,2014_ID,DakotaTrailblazer
RangerRusset,407.6,2014_ID,RangerRusset
RangerRusset,501.7,2014_ID,RangerRusset
RussetBurbank,384.1,2014_ID,RussetBurbank
RussetBurbank,608.8,2014_ID,RussetBurbank
RussetBurbank,475.6,2014_ID,RussetBurbank
RussetBurbank,497.3,2014_ID,RussetBurbank
EchoRusset,658.5,2014_ID,EchoRusset
EchoRusset,581.8,2014_ID,EchoRusset
CastleRusset,502.6,2014_ID,CastleRusset
AF4953.6,315.8,2014_ME,AF
AF4950.2,338.8,2014_ME,AF
RangerRusset,276.4,2014_ME,RangerRusset
DakotaTrailblazer,289,2014_ME,DakotaTrailblazer
RangerRusset,319.4,2014_ME,RangerRusset
RussetBurbank,280,2014_ME,RussetBurbank
RussetBurbank,339.5,2014_ME,RussetBurbank
AW07791.2rus,250.7,2014_ME,AW
CastleRusset,327.7,2014_ND,CastleRusset
DakotaTrailblazer,248.1,2014_ND,DakotaTrailblazer
RussetBurbank,338.4,2014_ND,RussetBurbank
EchoRusset,333.2,2014_ND,EchoRusset
AF4953.6,388.4,2014_ND,AF
A03921.2,419.2,2014_ND,A
PayetteRusset,513.9,2014_ND,PayetteRusset
AF4950.2,326,2014_ND,AF
A06084.1TE,321,2014_ND,A
RangerRusset,429.4,2014_ND,RangerRusset
AW07791.2rus,286.1,2014_ND,AW
RussetBurbank,338.4,2014_ND,RussetBurbank
RangerRusset,429.4,2014_ND,RangerRusset
A06084.1TE,492.5,2014_WA,A
A03921.2,462.8,2014_WA,A
AW07791.2rus,808.7,2014_WA,AW
AF4950.2,927.6,2014_WA,AF
AF4953.6,439.7,2014_WA,AF
PayetteRusset,606.8,2014_WA,PayetteRusset
RangerRusset,793.9,2014_WA,RangerRusset
DakotaTrailblazer,633.5,2014_WA,DakotaTrailblazer
RangerRusset,644.7,2014_WA,RangerRusset
RussetBurbank,788.7,2014_WA,RussetBurbank
RussetBurbank,722.7,2014_WA,RussetBurbank
EchoRusset,873.8,2014_WA,EchoRusset
CastleRusset,803.1,2014_WA,CastleRusset
CastleRusset,280.3,2014_WI,CastleRusset
EchoRusset,328.2,2014_WI,EchoRusset
RangerRusset,305.3,2014_WI,RangerRusset
RangerRusset,133.4,2014_WI,RangerRusset
RussetBurbank,345.4,2014_WI,RussetBurbank
RussetBurbank,316.2,2014_WI,RussetBurbank
DakotaTrailblazer,366.3,2014_WI,DakotaTrailblazer
A03921.2,359.7,2014_WI,A
AF4950.2,337.8,2014_WI,AF
AF4953.6,324.3,2014_WI,AF
PayetteRusset,331.6,2014_WI,PayetteRusset
AW07791.2rus,358.8,2014_WI,AW
A06084.1TE,308.4,2014_WI,A
W9742.3rus,366.6,2015_ID,W
W9850.5rus,448.2,2015_ID,W
W9850.5rus,442.6,2015_ID,W
AF4950.2,463.5,2015_ID,AF
W10074.16rus,372.2,2015_ID,W
W9742.3rus,332.5,2015_ID,W
AW06108.1rus,535.3,2015_ID,AW
W10074.16rus,537.4,2015_ID,W
AW07791.2rus,349.2,2015_ID,AW
AF4953.6,575,2015_ID,AF
AW06108.1rus,389.6,2015_ID,AW
AW07773.1rus,319.9,2015_ID,AW
AW07773.1rus,400.8,2015_ID,AW
AW07781.1rus,351.3,2015_ID,AW
AW07781.1rus,363.8,2015_ID,AW
AW07791.2rus,480.2,2015_ID,AW
W10074.8rus,431.4,2015_ID,W
W10039.2rus,570.1,2015_ID,W
W10039.2rus,461.4,2015_ID,W
W10074.3rus,608.5,2015_ID,W
W10074.3rus,488.6,2015_ID,W
W10074.8rus,484.4,2015_ID,W
AF4950.2,451.7,2015_ID,AF
A06862.18VR,349.2,2015_ID,A
AF4953.6,349.9,2015_ID,AF
A06084.1TE,283.7,2015_ID,A
A06862.18VR,497,2015_ID,A
A06084.1TE,370.8,2015_ID,A
A03921.2,480.9,2015_ID,A
A03921.2,490,2015_ID,A
DakotaTrailblazer,543.7,2015_ID,DakotaTrailblazer
PayetteRusset,470.5,2015_ID,PayetteRusset
RussetBurbank,223.8,2015_ID,RussetBurbank
RangerRusset,298.3,2015_ID,RangerRusset
RangerRusset,377.8,2015_ID,RangerRusset
RangerRusset,401.5,2015_ID,RangerRusset
RangerRusset,457.2,2015_ID,RangerRusset
RussetBurbank,262.8,2015_ID,RussetBurbank
RussetBurbank,427.3,2015_ID,RussetBurbank
RussetBurbank,414,2015_ID,RussetBurbank
DakotaTrailblazer,423.8,2015_ID,DakotaTrailblazer
CO07049.1RU,417.5,2015_ID,CO
CO07049.1RU,425.9,2015_ID,CO
PayetteRusset,415.4,2015_ID,PayetteRusset
CastleRusset,379.2,2015_ID,CastleRusset
CastleRusset,480.2,2015_ID,CastleRusset
AOR08032.1,211.9,2015_ID,AOR
AOR08032.1,306.7,2015_ID,AOR
AOR07781.5,428,2015_ID,AOR
AOR07781.5,411.2,2015_ID,AOR
EchoRusset,349.2,2015_ID,EchoRusset
EchoRusset,467,2015_ID,EchoRusset
AF5179.4,356.9,2015_ID,AF
AF5091.2,161.7,2015_ID,AF
AF5091.2,245.3,2015_ID,AF
AF5179.4,405,2015_ID,AF
AF4950.2,358.2,2015_ME,AF
AF4950.2,413.3,2015_ME,AF
AF4953.6,355.3,2015_ME,AF
AF4953.6,359.1,2015_ME,AF
AF5091.2,282.2,2015_ME,AF
AF5091.2,265.7,2015_ME,AF
AF5179.4,486.4,2015_ME,AF
AF5179.4,317.5,2015_ME,AF
W10039.2rus,286.5,2015_ME,W
AW06108.1rus,385.3,2015_ME,AW
AW06108.1rus,268.1,2015_ME,AW
AW07773.1rus,374.1,2015_ME,AW
AW07773.1rus,283.6,2015_ME,AW
AW07781.1rus,268.6,2015_ME,AW
AW07781.1rus,196,2015_ME,AW
AW07791.2rus,325.7,2015_ME,AW
AW07791.2rus,322.4,2015_ME,AW
W10039.2rus,368.3,2015_ME,W
RangerRusset,284.6,2015_ME,RangerRusset
W10074.3rus,321.4,2015_ME,W
W10074.3rus,396.9,2015_ME,W
W10074.8rus,315.6,2015_ME,W
W10074.8rus,303,2015_ME,W
W10074.16rus,308.3,2015_ME,W
W10074.16rus,293.8,2015_ME,W
W9742.3rus,340.3,2015_ME,W
W9742.3rus,274.4,2015_ME,W
W9850.5rus,378.5,2015_ME,W
W9850.5rus,281.7,2015_ME,W
PayetteRusset,359.6,2015_ME,PayetteRusset
PayetteRusset,321.9,2015_ME,PayetteRusset
CO07049.1RU,273,2015_ME,CO
RangerRusset,311.7,2015_ME,RangerRusset
RangerRusset,380.4,2015_ME,RangerRusset
RangerRusset,365.9,2015_ME,RangerRusset
RussetBurbank,307.8,2015_ME,RussetBurbank
RussetBurbank,441.4,2015_ME,RussetBurbank
RussetBurbank,395.9,2015_ME,RussetBurbank
CO07049.1RU,177.1,2015_ME,CO
RussetBurbank,414.3,2015_ME,RussetBurbank
DakotaTrailblazer,338.3,2015_ME,DakotaTrailblazer
DakotaTrailblazer,393.5,2015_ME,DakotaTrailblazer
DakotaTrailblazer,427.6,2015_ND,DakotaTrailblazer
DakotaTrailblazer,394.5,2015_ND,DakotaTrailblazer
AF5179.4,442.2,2015_ND,AF
CO07049.1RU,298.1,2015_ND,CO
CO07049.1RU,313.8,2015_ND,CO
RussetBurbank,468.3,2015_ND,RussetBurbank
RussetBurbank,388.7,2015_ND,RussetBurbank
RangerRusset,409,2015_ND,RangerRusset
RangerRusset,360.8,2015_ND,RangerRusset
CastleRusset,342.8,2015_ND,CastleRusset
A06862.18VR,417.2,2015_ND,A
W9850.5rus,389.9,2015_ND,W
AF4950.2,456.1,2015_ND,AF
AF4950.2,554.3,2015_ND,AF
AF4953.6,395.1,2015_ND,AF
AF4953.6,398,2015_ND,AF
W9850.5rus,525.8,2015_ND,W
W9742.3rus,420.7,2015_ND,W
AF5091.2,311.4,2015_ND,AF
AW06108.1rus,255.6,2015_ND,AW
AW06108.1rus,354.4,2015_ND,AW
AW07773.1rus,190.6,2015_ND,AW
AW07773.1rus,213.2,2015_ND,AW
AW07781.1rus,250.4,2015_ND,AW
AW07781.1rus,295.7,2015_ND,AW
AW07791.2rus,248.7,2015_ND,AW
AW07791.2rus,329.4,2015_ND,AW
W9742.3rus,230.7,2015_ND,W
W10039.2rus,284.1,2015_ND,W
W10039.2rus,366.6,2015_ND,W
W10074.3rus,251.6,2015_ND,W
W10074.3rus,373,2015_ND,W
W10074.8rus,176.6,2015_ND,W
A06862.18VR,410.2,2015_ND,A
W10074.16rus,253.9,2015_ND,W
W10074.16rus,338.7,2015_ND,W
W10074.8rus,510.7,2015_ND,W
AF5091.2,424.1,2015_ND,AF
CastleRusset,396.3,2015_ND,CastleRusset
PayetteRusset,396.8,2015_ND,PayetteRusset
PayetteRusset,355,2015_ND,PayetteRusset
AOR08032.1,340.5,2015_ND,AOR
A03921.2,302.7,2015_ND,A
A03921.2,463.1,2015_ND,A
A06084.1TE,384.1,2015_ND,A
A06084.1TE,402.6,2015_ND,A
AOR08032.1,321.9,2015_ND,AOR
AF5179.4,468.3,2015_ND,AF
EchoRusset,411.9,2015_ND,EchoRusset
EchoRusset,277.7,2015_ND,EchoRusset
AOR07781.5,403.8,2015_ND,AOR
AOR07781.5,545.6,2015_ND,AOR
AW06108.1rus,1186.7,2015_WA,AW
AW06108.1rus,1192.5,2015_WA,AW
AW07773.1rus,735.9,2015_WA,AW
AW07773.1rus,654.3,2015_WA,AW
AW07781.1rus,668.2,2015_WA,AW
AW07781.1rus,731.8,2015_WA,AW
AW07791.2rus,1071.3,2015_WA,AW
AW07791.2rus,996.8,2015_WA,AW
W10039.2rus,795.6,2015_WA,W
W10039.2rus,966.7,2015_WA,W
W10074.3rus,882.1,2015_WA,W
W10074.3rus,870.7,2015_WA,W
W10074.8rus,921.8,2015_WA,W
W10074.8rus,984.3,2015_WA,W
W10074.16rus,753.9,2015_WA,W
W10074.16rus,961.2,2015_WA,W
W9742.3rus,674,2015_WA,W
W9742.3rus,840.7,2015_WA,W
W9850.5rus,920.8,2015_WA,W
W9850.5rus,980,2015_WA,W
AF4950.2,1184.5,2015_WA,AF
AF4950.2,738.8,2015_WA,AF
AF4953.6,767.6,2015_WA,AF
AF4953.6,679.7,2015_WA,AF
AF5091.2,255.8,2015_WA,AF
AF5091.2,669.5,2015_WA,AF
AF5179.4,879.8,2015_WA,AF
AF5179.4,887.2,2015_WA,AF
EchoRusset,1048.7,2015_WA,EchoRusset
EchoRusset,842.3,2015_WA,EchoRusset
AOR07781.5,856.4,2015_WA,AOR
AOR07781.5,1032.1,2015_WA,AOR
AOR08032.1,907.6,2015_WA,AOR
AOR08032.1,569.6,2015_WA,AOR
CastleRusset,735.7,2015_WA,CastleRusset
CastleRusset,788.8,2015_WA,CastleRusset
PayetteRusset,742.8,2015_WA,PayetteRusset
PayetteRusset,787.3,2015_WA,PayetteRusset
A03921.2,890,2015_WA,A
A03921.2,965.7,2015_WA,A
A06084.1TE,497.3,2015_WA,A
A06084.1TE,696,2015_WA,A
A06862.18VR,1227.2,2015_WA,A
A06862.18VR,1170.6,2015_WA,A
DakotaTrailblazer,967.7,2015_WA,DakotaTrailblazer
DakotaTrailblazer,956.6,2015_WA,DakotaTrailblazer
CO07049.1RU,716.2,2015_WA,CO
CO07049.1RU,808.7,2015_WA,CO
RussetBurbank,525.6,2015_WA,RussetBurbank
RussetBurbank,743.2,2015_WA,RussetBurbank
RussetBurbank,702.7,2015_WA,RussetBurbank
RussetBurbank,639,2015_WA,RussetBurbank
RangerRusset,1011.6,2015_WA,RangerRusset
RangerRusset,741.2,2015_WA,RangerRusset
RangerRusset,931.2,2015_WA,RangerRusset
RangerRusset,859.2,2015_WA,RangerRusset
W10074.3rus,327.6,2015_WI,W
W9850.5rus,234.9,2015_WI,W
W9850.5rus,173.3,2015_WI,W
W9742.3rus,303.5,2015_WI,W
W9742.3rus,305.5,2015_WI,W
W10074.16rus,212.8,2015_WI,W
W10074.16rus,273.2,2015_WI,W
W10074.8rus,330.9,2015_WI,W
W10074.8rus,346.6,2015_WI,W
W10074.3rus,356.3,2015_WI,W
W10039.2rus,256.3,2015_WI,W
RangerRusset,233.7,2015_WI,RangerRusset
W10039.2rus,257.9,2015_WI,W
AW07791.2rus,305.5,2015_WI,AW
AW07791.2rus,274.5,2015_WI,AW
AW07781.1rus,262.8,2015_WI,AW
AW07781.1rus,279.3,2015_WI,AW
AW07773.1rus,357.5,2015_WI,AW
AW07773.1rus,326,2015_WI,AW
AW06108.1rus,309.1,2015_WI,AW
AW06108.1rus,291,2015_WI,AW
RangerRusset,187,2015_WI,RangerRusset
A06862.18VR,382.5,2015_WI,A
A06862.18VR,385.3,2015_WI,A
A06084.1TE,310.3,2015_WI,A
A06084.1TE,291.4,2015_WI,A
A03921.2,274.5,2015_WI,A
A03921.2,229.7,2015_WI,A
PayetteRusset,341.3,2015_WI,PayetteRusset
PayetteRusset,226.5,2015_WI,PayetteRusset
CO07049.1RU,247.1,2015_WI,CO
RangerRusset,257.5,2015_WI,RangerRusset
RangerRusset,188.6,2015_WI,RangerRusset
RussetBurbank,381.7,2015_WI,RussetBurbank
RussetBurbank,357.9,2015_WI,RussetBurbank
RussetBurbank,396.6,2015_WI,RussetBurbank
RussetBurbank,338.5,2015_WI,RussetBurbank
CO07049.1RU,339.3,2015_WI,CO
DakotaTrailblazer,362.7,2015_WI,DakotaTrailblazer
DakotaTrailblazer,372,2015_WI,DakotaTrailblazer
CastleRusset,271.2,2015_WI,CastleRusset
AF5179.4,272.4,2015_WI,AF
AF5091.2,255.1,2015_WI,AF
AF4953.6,354.2,2015_WI,AF
AF4953.6,319.2,2015_WI,AF
AF4950.2,360.7,2015_WI,AF
AF4950.2,382.9,2015_WI,AF
CastleRusset,311.9,2015_WI,CastleRusset
AF5179.4,281.7,2015_WI,AF
AF5091.2,278.9,2015_WI,AF
AOR07781.5,400.6,2015_WI,AOR
AOR08032.1,311.9,2015_WI,AOR
AOR08032.1,330.5,2015_WI,AOR
AOR07781.5,411.9,2015_WI,AOR
EchoRusset,336.5,2015_WI,EchoRusset
EchoRusset,331.7,2015_WI,EchoRusset
AOR08032.1,411.1,2016_ID,AOR
AOR08032.1,346.5,2016_ID,AOR
AOR06576.1,529.9,2016_ID,AOR
AOR06576.1,725.3,2016_ID,AOR
AOR07781.5,446,2016_ID,AOR
AOR07781.5,478.3,2016_ID,AOR
CastleRusset,284.3,2016_ID,CastleRusset
CastleRusset,286.1,2016_ID,CastleRusset
Vanguard,392.5,2016_ID,Vanguard
Vanguard,442.2,2016_ID,Vanguard
RangerRusset,426.7,2016_ID,RangerRusset
COTX09052.2Ru,350.8,2016_ID,COTX
W9850.5rus,448.5,2016_ID,W
RussetBurbank,474.6,2016_ID,RussetBurbank
RussetBurbank,435.4,2016_ID,RussetBurbank
RangerRusset,280.5,2016_ID,RangerRusset
RangerRusset,320.3,2016_ID,RangerRusset
RangerRusset,329.7,2016_ID,RangerRusset
AW07791.2rus,477.7,2016_ID,AW
AW07791.2rus,472.7,2016_ID,AW
W9850.5rus,511.3,2016_ID,W
W9742.3rus,383.2,2016_ID,W
COTX09052.2Ru,377.6,2016_ID,COTX
W9742.3rus,424.2,2016_ID,W
AW07773.1rus,330.3,2016_ID,AW
AW07773.1rus,430.4,2016_ID,AW
AW06108.1rus,404.9,2016_ID,AW
AW06108.1rus,460.3,2016_ID,AW
W10594.16rus,392.5,2016_ID,W
W10594.16rus,434.2,2016_ID,W
CO09205.2RU,373.2,2016_ID,CO
A08422.2VRsto,480.8,2016_ID,A
A08422.2VRsto,493.9,2016_ID,A
A071012.4BF,548.6,2016_ID,A
A071012.4BF,610.8,2016_ID,A
A03921.2,462.2,2016_ID,A
CO09205.2RU,455.3,2016_ID,CO
CO09036.2RU,311,2016_ID,CO
CO09036.2RU,393.1,2016_ID,CO
RussetBurbank,447.8,2016_ID,RussetBurbank
A03921.2,610.2,2016_ID,A
AAF07521.1,432.9,2016_ID,AAF
ND070927.2Russ,246.9,2016_ID,ND
ND070927.2Russ,390,2016_ID,ND
ND050032.4Russ,538.7,2016_ID,ND
ND050032.4Russ,584.7,2016_ID,ND
WAF10073.3RUS,431.1,2016_ID,WAF
WAF10073.3RUS,412.4,2016_ID,WAF
WAF10051.1RUS,261.2,2016_ID,WAF
WAF10051.1RUS,272.4,2016_ID,WAF
AAF07521.1,414.9,2016_ID,AAF
AF5469.2,551.1,2016_ID,AF
AF5407.13,397.5,2016_ID,AF
AF5407.13,404.9,2016_ID,AF
AF5406.7,371.3,2016_ID,AF
AF5406.7,471.5,2016_ID,AF
AF5071.2,469,2016_ID,AF
AF5071.2,483.9,2016_ID,AF
AF5179.4,486.4,2016_ID,AF
AF5179.4,518.1,2016_ID,AF
RussetBurbank,495.7,2016_ID,RussetBurbank
AF5469.2,549.9,2016_ID,AF
RangerRusset,503.4,2016_ME,RangerRusset
AF5179.4,402.7,2016_ME,AF
AF5179.4,506.3,2016_ME,AF
AF5071.2,583.2,2016_ME,AF
AF5071.2,414.8,2016_ME,AF
AF5406.7,516.4,2016_ME,AF
AF5406.7,288,2016_ME,AF
AF5407.13,427.4,2016_ME,AF
AF5407.13,363,2016_ME,AF
AF5469.2,471.4,2016_ME,AF
AF5469.2,336.9,2016_ME,AF
AAF07521.1,504.8,2016_ME,AAF
AAF07521.1,409,2016_ME,AAF
WAF10051.1RUS,353.3,2016_ME,WAF
AW07791.2rus,331.5,2016_ME,AW
RussetBurbank,385.8,2016_ME,RussetBurbank
RussetBurbank,478.2,2016_ME,RussetBurbank
RussetBurbank,423,2016_ME,RussetBurbank
RussetBurbank,499.5,2016_ME,RussetBurbank
RangerRusset,334.5,2016_ME,RangerRusset
RangerRusset,408.5,2016_ME,RangerRusset
RangerRusset,390.1,2016_ME,RangerRusset
CO09036.2RU,400.3,2016_ME,CO
CO09036.2RU,291.9,2016_ME,CO
CO09205.2RU,400.3,2016_ME,CO
WAF10051.1RUS,420.1,2016_ME,WAF
CO09205.2RU,427.9,2016_ME,CO
WAF10073.3RUS,498,2016_ME,WAF
W10594.16rus,450.6,2016_ME,W
Vanguard,467.1,2016_ME,Vanguard
Vanguard,410.4,2016_ME,Vanguard
COTX09052.2Ru,543.5,2016_ME,COTX
COTX09052.2Ru,406.6,2016_ME,COTX
AW06108.1rus,388.7,2016_ME,AW
AW06108.1rus,360.6,2016_ME,AW
AW07773.1rus,368.8,2016_ME,AW
AW07773.1rus,426.4,2016_ME,AW
W9742.3rus,390.1,2016_ME,W
W9742.3rus,380.4,2016_ME,W
W9850.5rus,340.3,2016_ME,W
W9850.5rus,354.8,2016_ME,W
WAF10073.3RUS,350.4,2016_ME,WAF
AW07791.2rus,327.2,2016_ME,AW
W10594.16rus,439,2016_ME,W
ND050032.4Russ,615.2,2016_ME,ND
ND070927.2Russ,591,2016_ME,ND
ND070927.2Russ,368.8,2016_ME,ND
ND09193BR.2Russ,372.7,2016_ME,ND
ND09193BR.2Russ,352.8,2016_ME,ND
ND092007R.2Russ,382.9,2016_ME,ND
ND050032.4Russ,465.6,2016_ME,ND
ND092007R.2Russ,387.7,2016_ME,ND
W9742.3rus,364.3,2016_ND,W
AW07773.1rus,170.2,2016_ND,AW
AW07773.1rus,329.4,2016_ND,AW
AW06108.1rus,761.7,2016_ND,AW
W10594.16rus,409.6,2016_ND,W
W10594.16rus,492.7,2016_ND,W
W9850.5rus,445.6,2016_ND,W
W9742.3rus,345.1,2016_ND,W
RussetBurbank,513.6,2016_ND,RussetBurbank
W9850.5rus,403.2,2016_ND,W
AW07791.2rus,335.3,2016_ND,AW
Vanguard,428.2,2016_ND,Vanguard
RangerRusset,434.6,2016_ND,RangerRusset
RangerRusset,369.5,2016_ND,RangerRusset
RangerRusset,472.4,2016_ND,RangerRusset
RangerRusset,518.8,2016_ND,RangerRusset
RussetBurbank,485.7,2016_ND,RussetBurbank
RussetBurbank,552.5,2016_ND,RussetBurbank
RussetBurbank,611.8,2016_ND,RussetBurbank
AW07791.2rus,324.2,2016_ND,AW
COTX09052.2Ru,273.7,2016_ND,COTX
Vanguard,494.4,2016_ND,Vanguard
WAF10051.1RUS,445.1,2016_ND,WAF
A071012.4BF,445.6,2016_ND,A
AF5469.2,449.7,2016_ND,AF
AF5469.2,510.7,2016_ND,AF
AAF07521.1,363.7,2016_ND,AAF
AAF07521.1,406.7,2016_ND,AAF
WAF10051.1RUS,393.9,2016_ND,WAF
AF5407.13,387.5,2016_ND,AF
WAF10073.3RUS,430.5,2016_ND,WAF
WAF10073.3RUS,468.9,2016_ND,WAF
AF5407.13,368.9,2016_ND,AF
A071012.4BF,359.1,2016_ND,A
ND050032.4Russ,417.2,2016_ND,ND
A03921.2,411.9,2016_ND,A
A03921.2,545.6,2016_ND,A
AF5406.7,335.2,2016_ND,AF
AF5179.4,487.5,2016_ND,AF
AF5179.4,399.2,2016_ND,AF
A08422.2VRsto,478.8,2016_ND,A
A08422.2VRsto,353.8,2016_ND,A
AF5071.2,494.4,2016_ND,AF
AF5071.2,370.1,2016_ND,AF
AF5406.7,484.6,2016_ND,AF
ND050032.4Russ,456.7,2016_ND,ND
ND070927.2Russ,370.1,2016_ND,ND
AOR07781.5,463.1,2016_ND,AOR
CastleRusset,327.7,2016_ND,CastleRusset
CastleRusset,365.5,2016_ND,CastleRusset
AOR07781.5,326.5,2016_ND,AOR
AOR08032.1,380,2016_ND,AOR
AOR08032.1,298.6,2016_ND,AOR
AOR06576.1,465.4,2016_ND,AOR
AOR06576.1,363.1,2016_ND,AOR
CO09036.2RU,351.5,2016_ND,CO
CO09205.2RU,317.8,2016_ND,CO
ND070927.2Russ,328.8,2016_ND,ND
ND09193BR.2Russ,387.5,2016_ND,ND
CO09205.2RU,300.4,2016_ND,CO
ND09193BR.2Russ,402.6,2016_ND,ND
CO09036.2RU,331.8,2016_ND,CO
ND092007R.2Russ,276.6,2016_ND,ND
ND092007R.2Russ,268.4,2016_ND,ND
CO09036.2RU,904.2,2016_WA,CO
CO09036.2RU,990.7,2016_WA,CO
CO09205.2RU,475.4,2016_WA,CO
CO09205.2RU,476.7,2016_WA,CO
RangerRusset,776.3,2016_WA,RangerRusset
RangerRusset,828,2016_WA,RangerRusset
RangerRusset,607.3,2016_WA,RangerRusset
RangerRusset,627.3,2016_WA,RangerRusset
RussetBurbank,690.3,2016_WA,RussetBurbank
RussetBurbank,672.9,2016_WA,RussetBurbank
RussetBurbank,756.9,2016_WA,RussetBurbank
RussetBurbank,764.4,2016_WA,RussetBurbank
A071012.4BF,941.6,2016_WA,A
A071012.4BF,897.2,2016_WA,A
A08422.2VRsto,495.1,2016_WA,A
A08422.2VRsto,525.5,2016_WA,A
A03921.2,766.4,2016_WA,A
A03921.2,832.5,2016_WA,A
AF5179.4,878.2,2016_WA,AF
AF5179.4,771.3,2016_WA,AF
AF5071.2,763.1,2016_WA,AF
AF5071.2,762.5,2016_WA,AF
AF5406.7,597.3,2016_WA,AF
AF5406.7,581.9,2016_WA,AF
AF5407.13,538.4,2016_WA,AF
AF5407.13,594.8,2016_WA,AF
AF5469.2,655.7,2016_WA,AF
AF5469.2,670,2016_WA,AF
AAF07521.1,492.5,2016_WA,AAF
AAF07521.1,785.5,2016_WA,AAF
WAF10051.1RUS,553.8,2016_WA,WAF
WAF10051.1RUS,494.4,2016_WA,WAF
WAF10073.3RUS,685.6,2016_WA,WAF
WAF10073.3RUS,237.7,2016_WA,WAF
ND050032.4Russ,772.4,2016_WA,ND
ND050032.4Russ,773.1,2016_WA,ND
ND070927.2Russ,487.2,2016_WA,ND
ND070927.2Russ,549.7,2016_WA,ND
ND09193BR.2Russ,657.5,2016_WA,ND
ND09193BR.2Russ,553.8,2016_WA,ND
ND092007R.2Russ,256.4,2016_WA,ND
ND092007R.2Russ,368.9,2016_WA,ND
CastleRusset,659.1,2016_WA,CastleRusset
CastleRusset,653.6,2016_WA,CastleRusset
AOR07781.5,665.8,2016_WA,AOR
AOR07781.5,792.7,2016_WA,AOR
AOR08032.1,618.2,2016_WA,AOR
AOR08032.1,595.1,2016_WA,AOR
AOR06576.1,744.9,2016_WA,AOR
AOR06576.1,906.4,2016_WA,AOR
Vanguard,607.7,2016_WA,Vanguard
Vanguard,653.8,2016_WA,Vanguard
COTX09052.2Ru,794.5,2016_WA,COTX
COTX09052.2Ru,684.8,2016_WA,COTX
W10594.16rus,481.3,2016_WA,W
W10594.16rus,485.5,2016_WA,W
AW06108.1rus,494.7,2016_WA,AW
AW06108.1rus,608.9,2016_WA,AW
AW07773.1rus,688.7,2016_WA,AW
AW07773.1rus,697.5,2016_WA,AW
W9742.3rus,631.2,2016_WA,W
W9742.3rus,784.7,2016_WA,W
W9850.5rus,863.3,2016_WA,W
W9850.5rus,837,2016_WA,W
AW07791.2rus,824.7,2016_WA,AW
AW07791.2rus,746.3,2016_WA,AW
CastleRusset,310,2016_WI,CastleRusset
AF5071.2,394.2,2016_WI,AF
AOR08032.1,289.3,2016_WI,AOR
AOR08032.1,249.4,2016_WI,AOR
AOR07781.5,355.4,2016_WI,AOR
AOR07781.5,284.2,2016_WI,AOR
CastleRusset,243.9,2016_WI,CastleRusset
CO09036.2RU,309.6,2016_WI,CO
CO09036.2RU,311.8,2016_WI,CO
CO09205.2RU,309.3,2016_WI,CO
CO09205.2RU,222.2,2016_WI,CO
AOR06576.1,408.4,2016_WI,AOR
A071012.4BF,306,2016_WI,A
A071012.4BF,318.7,2016_WI,A
A08422.2VRsto,309.3,2016_WI,A
A08422.2VRsto,290.4,2016_WI,A
AOR06576.1,412.4,2016_WI,AOR
A03921.2,368.8,2016_WI,A
W9850.5rus,348.1,2016_WI,W
RussetBurbank,305.7,2016_WI,RussetBurbank
RussetBurbank,254.8,2016_WI,RussetBurbank
RussetBurbank,357.2,2016_WI,RussetBurbank
RussetBurbank,293.3,2016_WI,RussetBurbank
RangerRusset,283.9,2016_WI,RangerRusset
RangerRusset,311.5,2016_WI,RangerRusset
RangerRusset,286.4,2016_WI,RangerRusset
RangerRusset,262.5,2016_WI,RangerRusset
AW07791.2rus,303.1,2016_WI,AW
AW07791.2rus,333.2,2016_WI,AW
W9850.5rus,347.4,2016_WI,W
W9742.3rus,369.2,2016_WI,W
W9742.3rus,322.3,2016_WI,W
AW07773.1rus,347.4,2016_WI,AW
AW07773.1rus,311.8,2016_WI,AW
AW06108.1rus,253,2016_WI,AW
AW06108.1rus,251.9,2016_WI,AW
W10594.16rus,311.5,2016_WI,W
W10594.16rus,365.9,2016_WI,W
COTX09052.2Ru,318.7,2016_WI,COTX
COTX09052.2Ru,295.1,2016_WI,COTX
Vanguard,238.9,2016_WI,Vanguard
Vanguard,297.3,2016_WI,Vanguard
A03921.2,348.9,2016_WI,A
ND070927.2Russ,250.5,2016_WI,ND
WAF10073.3RUS,367,2016_WI,WAF
ND050032.4Russ,305.7,2016_WI,ND
AF5071.2,358.6,2016_WI,AF
AF5406.7,408,2016_WI,AF
ND050032.4Russ,344.1,2016_WI,ND
WAF10073.3RUS,329.2,2016_WI,WAF
AF5406.7,308.9,2016_WI,AF
WAF10051.1RUS,325.3,2016_WI,WAF
ND070927.2Russ,248.3,2016_WI,ND
WAF10051.1RUS,267.2,2016_WI,WAF
AF5407.13,390.2,2016_WI,AF
AAF07521.1,306.4,2016_WI,AAF
AAF07521.1,310.7,2016_WI,AAF
AF5469.2,395.7,2016_WI,AF
AF5407.13,450.5,2016_WI,AF
AF5179.4,275.9,2016_WI,AF
AF5469.2,304.2,2016_WI,AF
ND09193BR.2Russ,237,2016_WI,ND
ND09193BR.2Russ,266.1,2016_WI,ND
ND092007R.2Russ,257,2016_WI,ND
ND092007R.2Russ,313.3,2016_WI,ND
AF5179.4,225.1,2016_WI,AF
A07098.4,477,2017_ID,A
A07705.4,524.3,2017_ID,A
A07769.4,533.6,2017_ID,A
A10063.1,349.2,2017_ID,A
A10594.8VR,414.7,2017_ID,A
A10688.1adgsto,352.8,2017_ID,A
A11252.10,477.7,2017_ID,A
AAF10237.4,438.5,2017_ID,AAF
AAF10245.1,354.9,2017_ID,AAF
AAF10615.1,435.5,2017_ID,AAF
AF5406.10,286.7,2017_ID,AF
AF5492.6,296.2,2017_ID,AF
AOR08540.1,582.4,2017_ID,AOR
ND060761B.3Russ,530.7,2017_ID,ND
ND091933ABCR.7Russ,382.5,2017_ID,ND
ND113224C.3Russ,296.2,2017_ID,ND
ND12154AB.2Russ,384.1,2017_ID,ND
ND12157.3Russ,312.2,2017_ID,ND
ND12163AB.2Russ,257,2017_ID,ND
ND12205B.4Russ,378.9,2017_ID,ND
OR12133.10,628,2017_ID,OR
WAF10509Rus.3,307.2,2017_ID,WAF
A071012.4BF,441.5,2017_ID,A
A071012.4BF,536.6,2017_ID,A
A08422.2VRsto,456,2017_ID,A
A08422.2VRsto,412.4,2017_ID,A
AAF07521.1,429.9,2017_ID,AAF
AAF07521.1,381.8,2017_ID,AAF
AF5071.2,469.7,2017_ID,AF
AF5071.2,506.8,2017_ID,AF
AF5406.7,550.3,2017_ID,AF
AF5406.7,437.2,2017_ID,AF
AF5407.13,253.4,2017_ID,AF
AF5407.13,235.3,2017_ID,AF
AOR06576.1,563.5,2017_ID,AOR
AOR06576.1,486.4,2017_ID,AOR
CO09036.2RU,416.9,2017_ID,CO
CO09036.2RU,207.6,2017_ID,CO
ND050032.4Russ,501,2017_ID,ND
ND050032.4Russ,702.8,2017_ID,ND
ND070927.2Russ,360.1,2017_ID,ND
ND070927.2Russ,543.1,2017_ID,ND
W10594.16rus,425.4,2017_ID,W
W10594.16rus,330.3,2017_ID,W
AF5179.4,423.2,2017_ID,AF
AF5179.4,500.9,2017_ID,AF
AF5179.4,358,2017_ID,AF
AOR07781.5,453.7,2017_ID,AOR
AOR07781.5,488.6,2017_ID,AOR
AOR07781.5,425.4,2017_ID,AOR
AW07773.1rus,329.6,2017_ID,AW
AW07773.1rus,243.2,2017_ID,AW
AW07773.1rus,236,2017_ID,AW
ND060735.4Russ,339.8,2017_ID,ND
ND060735.4Russ,305.7,2017_ID,ND
ND060735.4Russ,343.3,2017_ID,ND
W9742.3rus,425.5,2017_ID,W
W9742.3rus,507.6,2017_ID,W
W9742.3rus,451.5,2017_ID,W
W9850.5rus,316.5,2017_ID,W
W9850.5rus,368.7,2017_ID,W
W9850.5rus,446.5,2017_ID,W
RussetBurbank,503.8,2017_ID,RussetBurbank
RussetBurbank,496.5,2017_ID,RussetBurbank
RussetBurbank,447.9,2017_ID,RussetBurbank
RangerRusset,489.3,2017_ID,RangerRusset
RangerRusset,543.9,2017_ID,RangerRusset
RangerRusset,535.8,2017_ID,RangerRusset
AAF10237.4,210.9,2017_ME,AAF
AAF10245.1,219.6,2017_ME,AAF
AAF10615.1,245.1,2017_ME,AAF
AF5406.10,152,2017_ME,AF
AF5492.6,222.7,2017_ME,AF
ND060761B.3Russ,350.1,2017_ME,ND
ND091933ABCR.7Russ,111.4,2017_ME,ND
ND113224C.3Russ,217,2017_ME,ND
ND12154AB.2Russ,238.5,2017_ME,ND
ND12157.3Russ,142.2,2017_ME,ND
ND12163AB.2Russ,260.1,2017_ME,ND
ND12205B.4Russ,203.4,2017_ME,ND
WAF10509Rus.3,173.3,2017_ME,WAF
AAF07521.1,359.5,2017_ME,AAF
AAF07521.1,244,2017_ME,AAF
AF5071.2,290.7,2017_ME,AF
AF5071.2,296.6,2017_ME,AF
AF5406.7,314.1,2017_ME,AF
AF5406.7,310.3,2017_ME,AF
AF5407.13,175.7,2017_ME,AF
AF5407.13,190.6,2017_ME,AF
CO09036.2RU,242.2,2017_ME,CO
CO09036.2RU,195.4,2017_ME,CO
ND050032.4Russ,188.7,2017_ME,ND
ND050032.4Russ,382.5,2017_ME,ND
ND070927.2Russ,165.4,2017_ME,ND
ND070927.2Russ,143.6,2017_ME,ND
ND09193BR.2Russ,224,2017_ME,ND
ND09193BR.2Russ,134.1,2017_ME,ND
Vanguard,176.7,2017_ME,Vanguard
Vanguard,160.5,2017_ME,Vanguard
W10594.16rus,123,2017_ME,W
W10594.16rus,145.6,2017_ME,W
AF5179.4,244.2,2017_ME,AF
AF5179.4,276.8,2017_ME,AF
AF5179.4,252.1,2017_ME,AF
AW07773.1rus,176.1,2017_ME,AW
AW07773.1rus,351.5,2017_ME,AW
AW07773.1rus,182.1,2017_ME,AW
ND060735.4Russ,223.5,2017_ME,ND
ND060735.4Russ,171.3,2017_ME,ND
ND060735.4Russ,142.6,2017_ME,ND
W9742.3rus,267.4,2017_ME,W
W9742.3rus,205,2017_ME,W
W9742.3rus,231.6,2017_ME,W
W9850.5rus,210.2,2017_ME,W
W9850.5rus,108,2017_ME,W
W9850.5rus,154.5,2017_ME,W
RussetBurbank,394.7,2017_ME,RussetBurbank
RussetBurbank,230.4,2017_ME,RussetBurbank
RussetBurbank,233.8,2017_ME,RussetBurbank
RangerRusset,189.3,2017_ME,RangerRusset
RangerRusset,276.4,2017_ME,RangerRusset
RangerRusset,335.3,2017_ME,RangerRusset
A07098.4,444.5,2017_ND,A
A07705.4,492.3,2017_ND,A
A07769.4,430.7,2017_ND,A
A10063.1,438.5,2017_ND,A
A10594.8VR,441.3,2017_ND,A
A10688.1adgsto,421.4,2017_ND,A
A11252.10,503.4,2017_ND,A
AAF10237.4,450.2,2017_ND,AAF
AAF10245.1,399,2017_ND,AAF
AAF10615.1,386.2,2017_ND,AAF
AF5406.10,421.7,2017_ND,AF
AF5492.6,507.1,2017_ND,AF
AOR08540.1,475.9,2017_ND,AOR
ND060761B.3Russ,565.5,2017_ND,ND
ND091933ABCR.7Russ,429.4,2017_ND,ND
ND113224C.3Russ,337.2,2017_ND,ND
ND12154AB.2Russ,460.2,2017_ND,ND
ND12157.3Russ,495.8,2017_ND,ND
ND12163AB.2Russ,349.7,2017_ND,ND
ND12205B.4Russ,445.6,2017_ND,ND
OR12133.10,655.3,2017_ND,OR
WAF10509Rus.3,574,2017_ND,WAF
A071012.4BF,556.4,2017_ND,A
A071012.4BF,554.3,2017_ND,A
A08422.2VRsto,516.7,2017_ND,A
A08422.2VRsto,451.9,2017_ND,A
AAF07521.1,473.1,2017_ND,AAF
AAF07521.1,486.8,2017_ND,AAF
AF5071.2,246.5,2017_ND,AF
AF5071.2,305.2,2017_ND,AF
AF5406.7,491.4,2017_ND,AF
AF5406.7,610.6,2017_ND,AF
AF5407.13,491.3,2017_ND,AF
AF5407.13,460.8,2017_ND,AF
AOR06576.1,554.3,2017_ND,AOR
AOR06576.1,593.7,2017_ND,AOR
CO09036.2RU,326.2,2017_ND,CO
CO09036.2RU,338.7,2017_ND,CO
ND050032.4Russ,549.4,2017_ND,ND
ND050032.4Russ,503.5,2017_ND,ND
ND070927.2Russ,297.5,2017_ND,ND
ND070927.2Russ,379.6,2017_ND,ND
ND09193BR.2Russ,460.1,2017_ND,ND
ND09193BR.2Russ,388.7,2017_ND,ND
Vanguard,286,2017_ND,Vanguard
Vanguard,281.8,2017_ND,Vanguard
W10594.16rus,433,2017_ND,W
W10594.16rus,451.5,2017_ND,W
AF5179.4,541,2017_ND,AF
AF5179.4,499.9,2017_ND,AF
AF5179.4,486.5,2017_ND,AF
AOR07781.5,409.5,2017_ND,AOR
AOR07781.5,550.2,2017_ND,AOR
AOR07781.5,520.3,2017_ND,AOR
AW07773.1rus,413.5,2017_ND,AW
AW07773.1rus,399.3,2017_ND,AW
AW07773.1rus,447,2017_ND,AW
ND060735.4Russ,425,2017_ND,ND
ND060735.4Russ,442.3,2017_ND,ND
ND060735.4Russ,330.8,2017_ND,ND
W9742.3rus,552.6,2017_ND,W
W9742.3rus,512.6,2017_ND,W
W9742.3rus,578.5,2017_ND,W
W9850.5rus,534.6,2017_ND,W
W9850.5rus,606.4,2017_ND,W
W9850.5rus,575,2017_ND,W
RussetBurbank,602.6,2017_ND,RussetBurbank
RussetBurbank,613.1,2017_ND,RussetBurbank
RussetBurbank,455.7,2017_ND,RussetBurbank
RangerRusset,558.8,2017_ND,RangerRusset
RangerRusset,545.7,2017_ND,RangerRusset
RangerRusset,516.2,2017_ND,RangerRusset
A07098.4,409.6,2017_OR,A
A07705.4,351.8,2017_OR,A
A07769.4,446.8,2017_OR,A
A10063.1,426.5,2017_OR,A
A10594.8VR,729.7,2017_OR,A
A10688.1adgsto,343.2,2017_OR,A
A11252.10,490.6,2017_OR,A
AAF10237.4,486.2,2017_OR,AAF
AAF10245.1,333.5,2017_OR,AAF
AAF10615.1,292.3,2017_OR,AAF
AF5406.10,497.1,2017_OR,AF
AF5492.6,474.7,2017_OR,AF
AOR08540.1,391.8,2017_OR,AOR
ND060761B.3Russ,366.5,2017_OR,ND
ND091933ABCR.7Russ,325.7,2017_OR,ND
ND113224C.3Russ,313.3,2017_OR,ND
ND12154AB.2Russ,463.8,2017_OR,ND
ND12157.3Russ,216.6,2017_OR,ND
ND12163AB.2Russ,292.3,2017_OR,ND
ND12205B.4Russ,255.1,2017_OR,ND
OR12133.10,442.9,2017_OR,OR
WAF10509Rus.3,287.9,2017_OR,WAF
A071012.4BF,495.5,2017_OR,A
A071012.4BF,617.3,2017_OR,A
A08422.2VRsto,278.8,2017_OR,A
A08422.2VRsto,295.4,2017_OR,A
AAF07521.1,403.4,2017_OR,AAF
AAF07521.1,331.9,2017_OR,AAF
AF5071.2,403.7,2017_OR,AF
AF5071.2,377.9,2017_OR,AF
AF5406.7,435.9,2017_OR,AF
AF5406.7,332.8,2017_OR,AF
AF5407.13,284.6,2017_OR,AF
AF5407.13,418.7,2017_OR,AF
AOR06576.1,499.5,2017_OR,AOR
AOR06576.1,339.1,2017_OR,AOR
CO09036.2RU,440,2017_OR,CO
CO09036.2RU,361.2,2017_OR,CO
ND050032.4Russ,257.2,2017_OR,ND
ND050032.4Russ,212.3,2017_OR,ND
ND070927.2Russ,345.3,2017_OR,ND
ND070927.2Russ,257.3,2017_OR,ND
ND09193BR.2Russ,219.8,2017_OR,ND
ND09193BR.2Russ,166.2,2017_OR,ND
Vanguard,209.1,2017_OR,Vanguard
Vanguard,158.5,2017_OR,Vanguard
W10594.16rus,274.6,2017_OR,W
W10594.16rus,334.7,2017_OR,W
AF5179.4,185,2017_OR,AF
AF5179.4,324.7,2017_OR,AF
AF5179.4,351.2,2017_OR,AF
AOR07781.5,287.9,2017_OR,AOR
AOR07781.5,371.2,2017_OR,AOR
AOR07781.5,267,2017_OR,AOR
AW07773.1rus,320.1,2017_OR,AW
AW07773.1rus,292.8,2017_OR,AW
AW07773.1rus,405.9,2017_OR,AW
ND060735.4Russ,263.5,2017_OR,ND
ND060735.4Russ,338.1,2017_OR,ND
ND060735.4Russ,265.2,2017_OR,ND
W9742.3rus,350.5,2017_OR,W
W9742.3rus,246.2,2017_OR,W
W9742.3rus,380.6,2017_OR,W
W9850.5rus,391.7,2017_OR,W
W9850.5rus,390,2017_OR,W
W9850.5rus,374.1,2017_OR,W
RussetBurbank,399.3,2017_OR,RussetBurbank
RussetBurbank,411.3,2017_OR,RussetBurbank
RussetBurbank,454.8,2017_OR,RussetBurbank
RangerRusset,498.8,2017_OR,RangerRusset
RangerRusset,559.9,2017_OR,RangerRusset
RangerRusset,412.6,2017_OR,RangerRusset
A07098.4,653.1,2017_WA,A
A07705.4,636.3,2017_WA,A
A07769.4,617.6,2017_WA,A
A10063.1,822.6,2017_WA,A
A10594.8VR,966.7,2017_WA,A
A10688.1adgsto,767.3,2017_WA,A
A11252.10,651.3,2017_WA,A
AAF10237.4,830.9,2017_WA,AAF
AAF10245.1,789.1,2017_WA,AAF
AAF10615.1,752,2017_WA,AAF
AF5406.10,616.4,2017_WA,AF
AF5492.6,903.6,2017_WA,AF
AOR08540.1,1164.1,2017_WA,AOR
ND060761B.3Russ,412.4,2017_WA,ND
ND091933ABCR.7Russ,360.7,2017_WA,ND
ND113224C.3Russ,447,2017_WA,ND
ND12154AB.2Russ,660.5,2017_WA,ND
ND12157.3Russ,553.1,2017_WA,ND
ND12163AB.2Russ,417.1,2017_WA,ND
ND12205B.4Russ,520.2,2017_WA,ND
OR12133.10,1208.3,2017_WA,OR
WAF10509Rus.3,559.2,2017_WA,WAF
A071012.4BF,894.1,2017_WA,A
A071012.4BF,837.9,2017_WA,A
A08422.2VRsto,556.2,2017_WA,A
A08422.2VRsto,455.6,2017_WA,A
AAF07521.1,833.9,2017_WA,AAF
AAF07521.1,589.8,2017_WA,AAF
AF5071.2,1027,2017_WA,AF
AF5071.2,1195.8,2017_WA,AF
AF5406.7,713,2017_WA,AF
AF5406.7,790.5,2017_WA,AF
AF5407.13,567.3,2017_WA,AF
AF5407.13,668,2017_WA,AF
AOR06576.1,909.1,2017_WA,AOR
AOR06576.1,928.1,2017_WA,AOR
CO09036.2RU,837.1,2017_WA,CO
CO09036.2RU,878.1,2017_WA,CO
ND050032.4Russ,744.6,2017_WA,ND
ND050032.4Russ,624.7,2017_WA,ND
ND070927.2Russ,453.1,2017_WA,ND
ND070927.2Russ,684.5,2017_WA,ND
ND09193BR.2Russ,300.7,2017_WA,ND
ND09193BR.2Russ,309.8,2017_WA,ND
Vanguard,410.2,2017_WA,Vanguard
Vanguard,416.5,2017_WA,Vanguard
W10594.16rus,483.5,2017_WA,W
W10594.16rus,603.8,2017_WA,W
AF5179.4,583,2017_WA,AF
AF5179.4,636.3,2017_WA,AF
AF5179.4,734.7,2017_WA,AF
AOR07781.5,796.9,2017_WA,AOR
AOR07781.5,870.3,2017_WA,AOR
AOR07781.5,835.4,2017_WA,AOR
AW07773.1rus,790.8,2017_WA,AW
AW07773.1rus,691.8,2017_WA,AW
AW07773.1rus,627.5,2017_WA,AW
ND060735.4Russ,477.5,2017_WA,ND
ND060735.4Russ,558.1,2017_WA,ND
ND060735.4Russ,480.4,2017_WA,ND
W9742.3rus,833.9,2017_WA,W
W9742.3rus,826.8,2017_WA,W
W9742.3rus,718.8,2017_WA,W
W9850.5rus,745.9,2017_WA,W
W9850.5rus,772.8,2017_WA,W
W9850.5rus,799.8,2017_WA,W
RussetBurbank,758.8,2017_WA,RussetBurbank
RussetBurbank,758.9,2017_WA,RussetBurbank
RussetBurbank,922.4,2017_WA,RussetBurbank
RangerRusset,767.7,2017_WA,RangerRusset
RangerRusset,859.7,2017_WA,RangerRusset
RangerRusset,761.6,2017_WA,RangerRusset
A07098.4,607,2017_WI,A
A07705.4,674,2017_WI,A
A07769.4,652,2017_WI,A
A10063.1,612,2017_WI,A
A10594.8VR,678,2017_WI,A
A10688.1adgsto,553,2017_WI,A
A11252.10,690,2017_WI,A
AAF10237.4,796,2017_WI,AAF
AAF10245.1,498,2017_WI,AAF
AAF10615.1,487,2017_WI,AAF
AF5406.10,520,2017_WI,AF
AF5492.6,569,2017_WI,AF
AOR08540.1,792,2017_WI,AOR
ND060761B.3Russ,497,2017_WI,ND
ND091933ABCR.7Russ,461,2017_WI,ND
ND113224C.3Russ,429,2017_WI,ND
ND12154AB.2Russ,586,2017_WI,ND
ND12157.3Russ,338,2017_WI,ND
ND12163AB.2Russ,367,2017_WI,ND
ND12205B.4Russ,512,2017_WI,ND
OR12133.10,571,2017_WI,OR
WAF10509Rus.3,507,2017_WI,WAF
A071012.4BF,728,2017_WI,A
A071012.4BF,522,2017_WI,A
A08422.2VRsto,439,2017_WI,A
A08422.2VRsto,899,2017_WI,A
AAF07521.1,468,2017_WI,AAF
AAF07521.1,486,2017_WI,AAF
AF5071.2,566,2017_WI,AF
AF5071.2,786,2017_WI,AF
AF5406.7,686,2017_WI,AF
AF5406.7,642,2017_WI,AF
AF5407.13,636,2017_WI,AF
AF5407.13,541,2017_WI,AF
AOR06576.1,818,2017_WI,AOR
AOR06576.1,710,2017_WI,AOR
CO09036.2RU,640,2017_WI,CO
CO09036.2RU,715,2017_WI,CO
ND050032.4Russ,491,2017_WI,ND
ND050032.4Russ,547,2017_WI,ND
ND070927.2Russ,317,2017_WI,ND
ND070927.2Russ,472,2017_WI,ND
ND09193BR.2Russ,309,2017_WI,ND
ND09193BR.2Russ,442,2017_WI,ND
Vanguard,156,2017_WI,Vanguard
Vanguard,263,2017_WI,Vanguard
W10594.16rus,546,2017_WI,W
W10594.16rus,437,2017_WI,W
AF5179.4,498,2017_WI,AF
AF5179.4,408,2017_WI,AF
AF5179.4,564,2017_WI,AF
AOR07781.5,596,2017_WI,AOR
AOR07781.5,604,2017_WI,AOR
AOR07781.5,501,2017_WI,AOR
AW07773.1rus,366,2017_WI,AW
ND060735.4Russ,481,2017_WI,ND
ND060735.4Russ,509,2017_WI,ND
ND060735.4Russ,500,2017_WI,ND
W9742.3rus,482,2017_WI,W
W9742.3rus,437,2017_WI,W
W9742.3rus,554,2017_WI,W
W9850.5rus,466,2017_WI,W
W9850.5rus,403,2017_WI,W
W9850.5rus,652,2017_WI,W
RussetBurbank,566,2017_WI,RussetBurbank
RussetBurbank,475,2017_WI,RussetBurbank
RussetBurbank,457,2017_WI,RussetBurbank
RangerRusset,611,2017_WI,RangerRusset
RangerRusset,611,2017_WI,RangerRusset
RangerRusset,566,2017_WI,RangerRusset
A10595.13sto,289.7,2018_ID,A
A10947.3CSR,464,2018_ID,A
A11188.1,526.4,2018_ID,A
A11226.1,245.3,2018_ID,A
A11737.1LB,371.8,2018_ID,A
AF5628.2,426.2,2018_ID,AF
AF5644.8,420.3,2018_ID,AF
AF5661.13,588.8,2018_ID,AF
AOR10633.1,215.6,2018_ID,AOR
COAF11149.5,400.1,2018_ID,COAF
ND12241YB.2Russ,328.2,2018_ID,ND
W13012.18rus,418.9,2018_ID,W
W13A11229.1rus,449.3,2018_ID,W
W13A11229.1rus,488.6,2018_ID,W
A07098.4,607,2018_ID,A
A07098.4,577.9,2018_ID,A
A07705.4,461.7,2018_ID,A
A07705.4,449.4,2018_ID,A
A07769.4,451.6,2018_ID,A
A10594.8VR,410.9,2018_ID,A
AAF10237.4,360.8,2018_ID,AAF
AAF10237.4,243.9,2018_ID,AAF
AAF10615.1,432.6,2018_ID,AAF
AAF10615.1,274.4,2018_ID,AAF
AF5492.6,474.8,2018_ID,AF
AF5492.6,383.4,2018_ID,AF
AOR08540.1,506.1,2018_ID,AOR
AOR08540.1,638.2,2018_ID,AOR
OR12133.10,467.5,2018_ID,OR
OR12133.10,483.4,2018_ID,OR
A071012.4BF,490.1,2018_ID,A
A071012.4BF,503.8,2018_ID,A
A071012.4BF,527.1,2018_ID,A
AAF07521.1,291.9,2018_ID,AAF
AAF07521.1,426.2,2018_ID,AAF
AAF07521.1,346.3,2018_ID,AAF
AF5071.2,316.6,2018_ID,AF
AF5071.2,332.5,2018_ID,AF
AF5071.2,375.3,2018_ID,AF
AF5406.7,381.7,2018_ID,AF
AF5406.7,499.5,2018_ID,AF
AF5406.7,288.1,2018_ID,AF
AO02183.2,400,2018_ID,AO
AO02183.2,432.7,2018_ID,AO
AO02183.2,371.7,2018_ID,AO
AOR06576.1,383.3,2018_ID,AOR
AOR06576.1,525.5,2018_ID,AOR
AOR06576.1,476.3,2018_ID,AOR
CO09036.2RU,411.5,2018_ID,CO
CO09036.2RU,195.3,2018_ID,CO
CO09036.2RU,387.7,2018_ID,CO
ND050032.4Russ,427.6,2018_ID,ND
ND050032.4Russ,440.7,2018_ID,ND
ND050032.4Russ,421.8,2018_ID,ND
RussetBurbank,362.3,2018_ID,RussetBurbank
RussetBurbank,347.7,2018_ID,RussetBurbank
RussetBurbank,344.2,2018_ID,RussetBurbank
RangerRusset,413.1,2018_ID,RangerRusset
RangerRusset,320.9,2018_ID,RangerRusset
RangerRusset,397.1,2018_ID,RangerRusset
AF5494.3,266.4,2018_ME,AF
AF5628.2,426.3,2018_ME,AF
AF5644.8,399.8,2018_ME,AF
AF5661.13,315.2,2018_ME,AF
COAF11149.5,290.3,2018_ME,COAF
ND12241YB.2Russ,515.4,2018_ME,ND
NDAF113476CB.3,393.6,2018_ME,NDAF
W13012.18rus,417.4,2018_ME,W
W13A11229.1rus,508.2,2018_ME,W
AAF10237.4,494.2,2018_ME,AAF
AAF10237.4,494.2,2018_ME,AAF
AAF10615.1,398.5,2018_ME,AAF
AAF10615.1,398.5,2018_ME,AAF
AF5492.6,330.5,2018_ME,AF
AF5492.6,330.5,2018_ME,AF
AAF07521.1,475.9,2018_ME,AAF
AAF07521.1,475.9,2018_ME,AAF
AAF07521.1,475.9,2018_ME,AAF
AF5071.2,522.7,2018_ME,AF
AF5071.2,522.7,2018_ME,AF
AF5071.2,522.7,2018_ME,AF
AF5406.7,452.3,2018_ME,AF
AF5406.7,452.3,2018_ME,AF
AF5406.7,452.3,2018_ME,AF
CO09036.2RU,409.6,2018_ME,CO
CO09036.2RU,409.6,2018_ME,CO
CO09036.2RU,409.6,2018_ME,CO
ND050032.4Russ,481.1,2018_ME,ND
ND050032.4Russ,481.1,2018_ME,ND
ND050032.4Russ,481.1,2018_ME,ND
RussetBurbank,402.4,2018_ME,RussetBurbank
RussetBurbank,402.4,2018_ME,RussetBurbank
RussetBurbank,402.4,2018_ME,RussetBurbank
RangerRusset,388.7,2018_ME,RangerRusset
RangerRusset,388.7,2018_ME,RangerRusset
RangerRusset,388.7,2018_ME,RangerRusset
A10595.13sto,51.5,2018_OR,A
A10947.3CSR,28.5,2018_OR,A
A11188.1,58.9,2018_OR,A
A11226.1,58.5,2018_OR,A
A11737.1LB,34.4,2018_OR,A
AF5494.3,27.6,2018_OR,AF
AF5628.2,40.2,2018_OR,AF
AF5644.8,55.1,2018_OR,AF
AF5661.13,49.1,2018_OR,AF
AOR10633.1,49.3,2018_OR,AOR
COAF11149.5,42.4,2018_OR,COAF
ND12241YB.2Russ,36.7,2018_OR,ND
NDAF113476CB.3,36.1,2018_OR,NDAF
W13012.18rus,60.8,2018_OR,W
W13A11229.1rus,57.3,2018_OR,W
A07098.4,49.1,2018_OR,A
A07098.4,56.3,2018_OR,A
A07705.4,64.2,2018_OR,A
A07705.4,60.3,2018_OR,A
A07769.4,50.7,2018_OR,A
A07769.4,70,2018_OR,A
A10594.8VR,66.9,2018_OR,A
AAF10237.4,61.6,2018_OR,AAF
AAF10237.4,50.2,2018_OR,AAF
AAF10615.1,43.1,2018_OR,AAF
AAF10615.1,34.9,2018_OR,AAF
AF5492.6,54.8,2018_OR,AF
AF5492.6,41.1,2018_OR,AF
AOR08540.1,72.1,2018_OR,AOR
AOR08540.1,67.5,2018_OR,AOR
OR12133.10,74.7,2018_OR,OR
OR12133.10,71.1,2018_OR,OR
A071012.4BF,61.9,2018_OR,A
A071012.4BF,77,2018_OR,A
A071012.4BF,55.2,2018_OR,A
AAF07521.1,38.6,2018_OR,AAF
AAF07521.1,34.9,2018_OR,AAF
AAF07521.1,58.9,2018_OR,AAF
AF5071.2,48.9,2018_OR,AF
AF5071.2,48.2,2018_OR,AF
AF5071.2,45.1,2018_OR,AF
AF5406.7,38,2018_OR,AF
AF5406.7,51.4,2018_OR,AF
AF5406.7,45.7,2018_OR,AF
AO02183.2,62.5,2018_OR,AO
AO02183.2,64,2018_OR,AO
AO02183.2,78.5,2018_OR,AO
AOR06576.1,55.1,2018_OR,AOR
AOR06576.1,66.9,2018_OR,AOR
AOR06576.1,62.9,2018_OR,AOR
CO09036.2RU,41.8,2018_OR,CO
CO09036.2RU,32.1,2018_OR,CO
CO09036.2RU,43.1,2018_OR,CO
ND050032.4Russ,46.1,2018_OR,ND
ND050032.4Russ,51.6,2018_OR,ND
ND050032.4Russ,86,2018_OR,ND
RussetBurbank,60.2,2018_OR,RussetBurbank
RussetBurbank,51.1,2018_OR,RussetBurbank
RussetBurbank,45.1,2018_OR,RussetBurbank
RangerRusset,73.1,2018_OR,RangerRusset
RangerRusset,64,2018_OR,RangerRusset
RangerRusset,68.1,2018_OR,RangerRusset
A10595.13sto,812.8,2018_WA,A
A10947.3CSR,599.9,2018_WA,A
A11188.1,1003.9,2018_WA,A
A11226.1,888.6,2018_WA,A
A11737.1LB,595,2018_WA,A
AF5494.3,687.8,2018_WA,AF
AF5628.2,702.5,2018_WA,AF
AF5644.8,849,2018_WA,AF
AF5661.13,831.8,2018_WA,AF
AOR10633.1,1157.5,2018_WA,AOR
COAF11149.5,640.6,2018_WA,COAF
ND12241YB.2Russ,788.1,2018_WA,ND
NDAF113476CB.3,796.8,2018_WA,NDAF
W13012.18rus,999.3,2018_WA,W
W13A11229.1rus,1004,2018_WA,W
A07098.4,850.4,2018_WA,A
A07098.4,799.5,2018_WA,A
A07705.4,1011.9,2018_WA,A
A07705.4,1117,2018_WA,A
A07769.4,887.6,2018_WA,A
A07769.4,858.4,2018_WA,A
A10594.8VR,865.3,2018_WA,A
AAF10237.4,916.8,2018_WA,AAF
AAF10237.4,945.3,2018_WA,AAF
AAF10615.1,756.4,2018_WA,AAF
AAF10615.1,738.1,2018_WA,AAF
AF5492.6,864.1,2018_WA,AF
AF5492.6,860.6,2018_WA,AF
AOR08540.1,1131.2,2018_WA,AOR
AOR08540.1,1107,2018_WA,AOR
OR12133.10,1319.8,2018_WA,OR
OR12133.10,1205.2,2018_WA,OR
A071012.4BF,1066.8,2018_WA,A
A071012.4BF,1058.2,2018_WA,A
A071012.4BF,1002.4,2018_WA,A
AAF07521.1,695.9,2018_WA,AAF
AAF07521.1,721.6,2018_WA,AAF
AAF07521.1,698.7,2018_WA,AAF
AF5071.2,950.9,2018_WA,AF
AF5071.2,880.6,2018_WA,AF
AF5071.2,938.8,2018_WA,AF
AF5406.7,853.5,2018_WA,AF
AF5406.7,617.4,2018_WA,AF
AF5406.7,809.2,2018_WA,AF
AO02183.2,976.5,2018_WA,AO
AO02183.2,1229.7,2018_WA,AO
AO02183.2,1135,2018_WA,AO
AOR06576.1,1065.1,2018_WA,AOR
AOR06576.1,912.8,2018_WA,AOR
AOR06576.1,1205.7,2018_WA,AOR
CO09036.2RU,718.8,2018_WA,CO
CO09036.2RU,623.3,2018_WA,CO
CO09036.2RU,649.9,2018_WA,CO
ND050032.4Russ,702.4,2018_WA,ND
ND050032.4Russ,732.1,2018_WA,ND
ND050032.4Russ,807.7,2018_WA,ND
RussetBurbank,689.6,2018_WA,RussetBurbank
RussetBurbank,654.3,2018_WA,RussetBurbank
RussetBurbank,805.7,2018_WA,RussetBurbank
RangerRusset,799.3,2018_WA,RangerRusset
RangerRusset,911,2018_WA,RangerRusset
RangerRusset,847.1,2018_WA,RangerRusset
A10595.13sto,593.7,2018_WI,A
A10947.3CSR,369.2,2018_WI,A
A11188.1,764.7,2018_WI,A
A11226.1,626.9,2018_WI,A
A11737.1LB,382.2,2018_WI,A
AF5494.3,327.3,2018_WI,AF
AF5628.2,450.6,2018_WI,AF
AF5644.8,411.8,2018_WI,AF
AF5661.13,569.6,2018_WI,AF
AOR10633.1,936.5,2018_WI,AOR
COAF11149.5,324.5,2018_WI,COAF
NDAF113476CB.3,589.8,2018_WI,NDAF
W13012.18rus,622.6,2018_WI,W
W13A11229.1rus,764.2,2018_WI,W
A07098.4,556.5,2018_WI,A
A07098.4,738.2,2018_WI,A
A07705.4,692.8,2018_WI,A
A07705.4,606,2018_WI,A
A07769.4,365.4,2018_WI,A
A07769.4,494.8,2018_WI,A
A10594.8VR,697.5,2018_WI,A
AAF10237.4,765.7,2018_WI,AAF
AAF10237.4,632.5,2018_WI,AAF
AAF10615.1,374.8,2018_WI,AAF
AAF10615.1,512.9,2018_WI,AAF
AF5492.6,437.4,2018_WI,AF
AF5492.6,419.4,2018_WI,AF
AOR08540.1,583.6,2018_WI,AOR
AOR08540.1,676,2018_WI,AOR
OR12133.10,871.1,2018_WI,OR
OR12133.10,848.6,2018_WI,OR
A071012.4BF,578.4,2018_WI,A
A071012.4BF,499.1,2018_WI,A
A071012.4BF,667.5,2018_WI,A
AAF07521.1,457.6,2018_WI,AAF
AAF07521.1,596,2018_WI,AAF
AAF07521.1,487,2018_WI,AAF
AF5071.2,668.6,2018_WI,AF
AF5071.2,574.5,2018_WI,AF
AF5071.2,659,2018_WI,AF
AF5406.7,460.7,2018_WI,AF
AF5406.7,376.4,2018_WI,AF
AF5406.7,526.7,2018_WI,AF
AO02183.2,439.5,2018_WI,AO
AO02183.2,517.2,2018_WI,AO
AO02183.2,548.7,2018_WI,AO
AOR06576.1,634.5,2018_WI,AOR
AOR06576.1,698.3,2018_WI,AOR
AOR06576.1,747.7,2018_WI,AOR
CO09036.2RU,410.8,2018_WI,CO
CO09036.2RU,507,2018_WI,CO
CO09036.2RU,482.6,2018_WI,CO
RussetBurbank,613.9,2018_WI,RussetBurbank
RussetBurbank,630.6,2018_WI,RussetBurbank
RussetBurbank,676,2018_WI,RussetBurbank
RangerRusset,378.1,2018_WI,RangerRusset
RangerRusset,416.7,2018_WI,RangerRusset
RangerRusset,391.9,2018_WI,RangerRusset
AAF10943.4,485.7,2019_ID,AAF
AF5521.1,356.5,2019_ID,AF
NDAF092412.3Rus,346.3,2019_ID,NDAF
AF5707.1,404.4,2019_ID,AF
AF5731.11,374,2019_ID,AF
AF5750.16,520.5,2019_ID,AF
AF5750.17,564,2019_ID,AF
AF5762.4,442.8,2019_ID,AF
AF5789.1,385.5,2019_ID,AF
ND113100.1Russ,167.8,2019_ID,ND
ND13243B.3Russ,405.9,2019_ID,ND
ND13243B.14Russ,122.7,2019_ID,ND
ND13288.2Russ,144.4,2019_ID,ND
AOR12149.1,482,2019_ID,AOR
AOR13064.2,400.7,2019_ID,AOR
CO11009.3RU,241.7,2019_ID,CO
CO10094.5RU,134.3,2019_ID,CO
A09086.1LB,488.6,2019_ID,A
A09119.4LB,254.2,2019_ID,A
A10007.3,420.3,2019_ID,A
A10071.1,283.9,2019_ID,A
A10508.2LB,504.6,2019_ID,A
A10611.3adg,475.5,2019_ID,A
A11188.1,460.3,2019_ID,A
A11194.1,259.1,2019_ID,A
A11234.2,471.2,2019_ID,A
A11326.1,453.1,2019_ID,A
A12114.7,472.6,2019_ID,A
A12115.16sto,487.9,2019_ID,A
A12314.1sto,527.1,2019_ID,A
COA11013.2,442.9,2019_ID,COA
AF5644.8,411.7,2019_ID,AF
AF5644.8,465.4,2019_ID,AF
AF5661.13,387.8,2019_ID,AF
AF5661.13,352.1,2019_ID,AF
NDAF113476CB.3,481.4,2019_ID,NDAF
NDAF113476CB.3,450.1,2019_ID,NDAF
ND12241YB.2Russ,337.6,2019_ID,ND
ND12241YB.2Russ,101,2019_ID,ND
A10595.13sto,349.2,2019_ID,A
A10595.13sto,447.2,2019_ID,A
A11737.1LB,300.6,2019_ID,A
A11737.1LB,277.4,2019_ID,A
AAF10615.1,360.1,2019_ID,AAF
AAF10615.1,409.4,2019_ID,AAF
AAF10615.1,368.8,2019_ID,AAF
AF5492.6,389.1,2019_ID,AF
AF5492.6,314.4,2019_ID,AF
AF5492.6,374.6,2019_ID,AF
AOR08540.1,312.2,2019_ID,AOR
AOR08540.1,276.6,2019_ID,AOR
AOR08540.1,329.6,2019_ID,AOR
OR12133.10,507.5,2019_ID,OR
OR12133.10,557.6,2019_ID,OR
OR12133.10,427.6,2019_ID,OR
AO02183.2,522.6,2019_ID,AO
AO02183.2,479.2,2019_ID,AO
AO02183.2,351.4,2019_ID,AO
A07769.4,479.1,2019_ID,A
A07769.4,516.2,2019_ID,A
A07769.4,395,2019_ID,A
A10594.8VR,331.8,2019_ID,A
A10594.8VR,431.3,2019_ID,A
A10594.8VR,261.3,2019_ID,A
RussetBurbank,411,2019_ID,RussetBurbank
RussetBurbank,476.3,2019_ID,RussetBurbank
RussetBurbank,315.8,2019_ID,RussetBurbank
RangerRusset,391.4,2019_ID,RangerRusset
RangerRusset,410.2,2019_ID,RangerRusset
RangerRusset,434.8,2019_ID,RangerRusset
AAF10943.4,286.5,2019_ME,AAF
AF5521.1,165.1,2019_ME,AF
NDAF092412.3Rus,291.5,2019_ME,NDAF
AF5707.1,235.9,2019_ME,AF
AF5731.11,192.2,2019_ME,AF
AF5750.16,238.1,2019_ME,AF
AF5750.17,132.9,2019_ME,AF
AF5762.4,154.9,2019_ME,AF
AF5789.1,209.4,2019_ME,AF
ND113100.1Russ,198.7,2019_ME,ND
ND13242B.8Russ,110.3,2019_ME,ND
ND13243B.3Russ,241.4,2019_ME,ND
ND13243B.14Russ,151.2,2019_ME,ND
ND13288.2Russ,136.5,2019_ME,ND
CO11009.3RU,199,2019_ME,CO
CO10094.5RU,113.4,2019_ME,CO
AF5644.8,222.8,2019_ME,AF
AF5644.8,217.5,2019_ME,AF
AF5661.13,190,2019_ME,AF
AF5661.13,243.2,2019_ME,AF
NDAF113476CB.3,165,2019_ME,NDAF
NDAF113476CB.3,153,2019_ME,NDAF
ND12241YB.2Russ,161.4,2019_ME,ND
ND12241YB.2Russ,150.6,2019_ME,ND
AAF10615.1,249.9,2019_ME,AAF
AAF10615.1,259.5,2019_ME,AAF
AAF10615.1,256.6,2019_ME,AAF
AF5492.6,156.1,2019_ME,AF
AF5492.6,186.7,2019_ME,AF
AF5492.6,139,2019_ME,AF
RussetBurbank,157.3,2019_ME,RussetBurbank
RussetBurbank,189.5,2019_ME,RussetBurbank
RussetBurbank,209.7,2019_ME,RussetBurbank
RangerRusset,281.2,2019_ME,RangerRusset
RangerRusset,303.4,2019_ME,RangerRusset
RangerRusset,296,2019_ME,RangerRusset
AAF10943.4,499.6,2019_OR,AAF
AF5521.1,758.3,2019_OR,AF
NDAF092412.3Rus,770.2,2019_OR,NDAF
AF5707.1,959.1,2019_OR,AF
AF5731.11,684.6,2019_OR,AF
AF5750.16,776,2019_OR,AF
AF5750.17,839.6,2019_OR,AF
AF5762.4,1341.3,2019_OR,AF
AF5789.1,949.9,2019_OR,AF
ND113100.1Russ,832.6,2019_OR,ND
ND13242B.8Russ,493.8,2019_OR,ND
ND13243B.3Russ,682,2019_OR,ND
ND13243B.14Russ,517.3,2019_OR,ND
ND13288.2Russ,921.5,2019_OR,ND
AOR12149.1,907.7,2019_OR,AOR
AOR13064.2,1064.7,2019_OR,AOR
CO11009.3RU,890.2,2019_OR,CO
CO10094.5RU,361.6,2019_OR,CO
A09086.1LB,966.5,2019_OR,A
A09119.4LB,766.2,2019_OR,A
A10007.3,734.1,2019_OR,A
A10071.1,796.1,2019_OR,A
A10508.2LB,924.6,2019_OR,A
A10611.3adg,835.4,2019_OR,A
A11188.1,971,2019_OR,A
A11194.1,700,2019_OR,A
A11234.2,999.1,2019_OR,A
A11326.1,890.7,2019_OR,A
A12114.7,730.7,2019_OR,A
A12115.16sto,1130.2,2019_OR,A
A12314.1sto,946.5,2019_OR,A
COA11013.2,779.6,2019_OR,COA
AF5644.8,716.4,2019_OR,AF
AF5661.13,633.5,2019_OR,AF
AF5661.13,624.4,2019_OR,AF
NDAF113476CB.3,994.5,2019_OR,NDAF
NDAF113476CB.3,1187.1,2019_OR,NDAF
ND12241YB.2Russ,710.4,2019_OR,ND
ND12241YB.2Russ,673.5,2019_OR,ND
A10595.13sto,570.1,2019_OR,A
A10595.13sto,697.4,2019_OR,A
A11737.1LB,416.8,2019_OR,A
A11737.1LB,341.9,2019_OR,A
AAF10615.1,537.1,2019_OR,AAF
AAF10615.1,626.9,2019_OR,AAF
AAF10615.1,600.9,2019_OR,AAF
AF5492.6,941.8,2019_OR,AF
AF5492.6,677.5,2019_OR,AF
AF5492.6,788.5,2019_OR,AF
AOR08540.1,1063.9,2019_OR,AOR
AOR08540.1,870.4,2019_OR,AOR
AOR08540.1,939.5,2019_OR,AOR
OR12133.10,1357.9,2019_OR,OR
OR12133.10,1094.7,2019_OR,OR
OR12133.10,990.3,2019_OR,OR
AO02183.2,1192.1,2019_OR,AO
AO02183.2,846.2,2019_OR,AO
A07769.4,845.7,2019_OR,A
A07769.4,752,2019_OR,A
A07769.4,987.7,2019_OR,A
A10594.8VR,1219.3,2019_OR,A
A10594.8VR,960.9,2019_OR,A
RussetBurbank,879.5,2019_OR,RussetBurbank
RussetBurbank,828.3,2019_OR,RussetBurbank
RussetBurbank,810.3,2019_OR,RussetBurbank
RangerRusset,815.4,2019_OR,RangerRusset
RangerRusset,864.1,2019_OR,RangerRusset
RangerRusset,920.9,2019_OR,RangerRusset
AAF10943.4,754.5,2019_WA,AAF
AF5521.1,1091.5,2019_WA,AF
NDAF092412.3Rus,906.2,2019_WA,NDAF
AF5707.1,895.1,2019_WA,AF
AF5731.11,649,2019_WA,AF
AF5750.16,958.8,2019_WA,AF
AF5750.17,951,2019_WA,AF
AF5762.4,746.4,2019_WA,AF
AF5789.1,1047,2019_WA,AF
ND113100.1Russ,861,2019_WA,ND
ND13242B.8Russ,740.3,2019_WA,ND
ND13243B.3Russ,951.2,2019_WA,ND
ND13243B.14Russ,444.3,2019_WA,ND
ND13288.2Russ,617.3,2019_WA,ND
AOR12149.1,791.9,2019_WA,AOR
AOR13064.2,1031.8,2019_WA,AOR
CO11009.3RU,1035.7,2019_WA,CO
CO10094.5RU,483.1,2019_WA,CO
A09086.1LB,1125.7,2019_WA,A
A09119.4LB,966.2,2019_WA,A
A10007.3,765.9,2019_WA,A
A10071.1,1134.3,2019_WA,A
A10508.2LB,975.1,2019_WA,A
A10611.3adg,1145.9,2019_WA,A
A11188.1,1278,2019_WA,A
A11194.1,767.9,2019_WA,A
A11234.2,780.3,2019_WA,A
A11326.1,1077.2,2019_WA,A
A12114.7,864.4,2019_WA,A
A12115.16sto,1081,2019_WA,A
A12314.1sto,690.6,2019_WA,A
COA11013.2,886.3,2019_WA,COA
AF5644.8,760.5,2019_WA,AF
AF5644.8,739.6,2019_WA,AF
AF5661.13,824.9,2019_WA,AF
AF5661.13,888.6,2019_WA,AF
NDAF113476CB.3,909.7,2019_WA,NDAF
NDAF113476CB.3,1226.8,2019_WA,NDAF
ND12241YB.2Russ,761.8,2019_WA,ND
ND12241YB.2Russ,867.8,2019_WA,ND
A10595.13sto,758.7,2019_WA,A
A10595.13sto,567.7,2019_WA,A
A11737.1LB,563.8,2019_WA,A
A11737.1LB,591,2019_WA,A
AAF10615.1,703,2019_WA,AAF
AAF10615.1,677.1,2019_WA,AAF
AAF10615.1,646.9,2019_WA,AAF
AF5492.6,1118.7,2019_WA,AF
AF5492.6,1098.3,2019_WA,AF
AF5492.6,1058.7,2019_WA,AF
AOR08540.1,902.8,2019_WA,AOR
AOR08540.1,1100,2019_WA,AOR
AOR08540.1,1091.3,2019_WA,AOR
OR12133.10,1336.2,2019_WA,OR
OR12133.10,1281.4,2019_WA,OR
OR12133.10,1299.4,2019_WA,OR
AO02183.2,1398.9,2019_WA,AO
AO02183.2,1424.7,2019_WA,AO
AO02183.2,1397.5,2019_WA,AO
A07769.4,985.2,2019_WA,A
A07769.4,1049.2,2019_WA,A
A07769.4,1037.3,2019_WA,A
A10594.8VR,1077.7,2019_WA,A
A10594.8VR,1077,2019_WA,A
A10594.8VR,1354.9,2019_WA,A
RussetBurbank,880,2019_WA,RussetBurbank
RussetBurbank,890.3,2019_WA,RussetBurbank
RussetBurbank,844.9,2019_WA,RussetBurbank
RangerRusset,1115.1,2019_WA,RangerRusset
RangerRusset,1119,2019_WA,RangerRusset
RangerRusset,1064,2019_WA,RangerRusset
AAF10943.4,508.1,2019_WI,AAF
AF5521.1,395.6,2019_WI,AF
NDAF092412.3Rus,473,2019_WI,NDAF
AF5707.1,610,2019_WI,AF
AF5731.11,527,2019_WI,AF
AF5750.16,513.4,2019_WI,AF
AF5750.17,520.7,2019_WI,AF
AF5762.4,482.6,2019_WI,AF
AF5789.1,497.7,2019_WI,AF
ND113100.1Russ,381.3,2019_WI,ND
ND13242B.8Russ,474,2019_WI,ND
ND13243B.3Russ,554.1,2019_WI,ND
ND13243B.14Russ,407.6,2019_WI,ND
ND13288.2Russ,497.1,2019_WI,ND
AOR12149.1,575.9,2019_WI,AOR
AOR13064.2,378.3,2019_WI,AOR
CO11009.3RU,462.2,2019_WI,CO
CO10094.5RU,315.6,2019_WI,CO
A09086.1LB,615.8,2019_WI,A
A09119.4LB,550.6,2019_WI,A
A10007.3,604,2019_WI,A
A10071.1,506,2019_WI,A
A10508.2LB,652.4,2019_WI,A
A10611.3adg,562,2019_WI,A
A11188.1,557.8,2019_WI,A
A11194.1,504.7,2019_WI,A
A11234.2,753.7,2019_WI,A
A11326.1,694.5,2019_WI,A
A12114.7,431.8,2019_WI,A
A12115.16sto,653.9,2019_WI,A
A12314.1sto,153.1,2019_WI,A
COA11013.2,553.8,2019_WI,COA
AF5644.8,567.3,2019_WI,AF
AF5644.8,508.8,2019_WI,AF
AF5661.13,542.6,2019_WI,AF
AF5661.13,504,2019_WI,AF
NDAF113476CB.3,736.5,2019_WI,NDAF
NDAF113476CB.3,744,2019_WI,NDAF
ND12241YB.2Russ,567.6,2019_WI,ND
ND12241YB.2Russ,590.3,2019_WI,ND
A10595.13sto,580.4,2019_WI,A
A10595.13sto,544.2,2019_WI,A
A11737.1LB,399.5,2019_WI,A
A11737.1LB,319.3,2019_WI,A
AAF10615.1,429.1,2019_WI,AAF
AAF10615.1,494.4,2019_WI,AAF
AAF10615.1,443.3,2019_WI,AAF
AF5492.6,542.9,2019_WI,AF
AF5492.6,550.6,2019_WI,AF
AF5492.6,479.8,2019_WI,AF
AOR08540.1,709.9,2019_WI,AOR
AOR08540.1,631.9,2019_WI,AOR
AOR08540.1,619.2,2019_WI,AOR
OR12133.10,833.9,2019_WI,OR
OR12133.10,886.9,2019_WI,OR
OR12133.10,817.6,2019_WI,OR
AO02183.2,553.6,2019_WI,AO
AO02183.2,478.2,2019_WI,AO
AO02183.2,498.3,2019_WI,AO
A07769.4,551.5,2019_WI,A
A07769.4,404.5,2019_WI,A
A07769.4,451.3,2019_WI,A
A10594.8VR,636.5,2019_WI,A
A10594.8VR,554.6,2019_WI,A
A10594.8VR,645.6,2019_WI,A
RussetBurbank,651.2,2019_WI,RussetBurbank
RussetBurbank,471.6,2019_WI,RussetBurbank
RussetBurbank,552.1,2019_WI,RussetBurbank
RangerRusset,544.9,2019_WI,RangerRusset
RangerRusset,464.4,2019_WI,RangerRusset
RangerRusset,619.7,2019_WI,RangerRusset
CO12152.1RU,473.4,2020_ID,CO
CO12246.1RU,463.3,2020_ID,CO
CO12378.1RU,419.7,2020_ID,CO
A08292.1LB,474.8,2020_ID,A
A09022.4,472.6,2020_ID,A
A09136.9LB,631.5,2020_ID,A
A10020.3sto,551,2020_ID,A
A10635.2VR,651.9,2020_ID,A
A12076.4sto,571.4,2020_ID,A
A12304.1sto,628,2020_ID,A
A12304.4sto,534.2,2020_ID,A
A12305.2adg,638.2,2020_ID,A
A12308.4VR,500.9,2020_ID,A
A12327.5VR,762.3,2020_ID,A
A13036.1,603.3,2020_ID,A
A13038.3,518.3,2020_ID,A
AFA5661.8,629.4,2020_ID,AFA
AF5711.2,625.1,2020_ID,AF
AF5735.8,564.9,2020_ID,AF
AF5736.16,559.7,2020_ID,AF
AF5741.6,566.9,2020_ID,AF
AF5770.7,468.2,2020_ID,AF
AAF10596.1,592.3,2020_ID,AAF
COAF11018.10,541.5,2020_ID,COAF
ND1412Y.5Russ,673.8,2020_ID,ND
ND14110B.1Russ,514.7,2020_ID,ND
AOR10093.11,442.1,2020_ID,AOR
AOR10129.1,609,2020_ID,AOR
AOR11027.4,286,2020_ID,AOR
AOR10654.11,796.4,2020_ID,AOR
AF5707.1,419.7,2020_ID,AF
AF5707.1,529.9,2020_ID,AF
AF5731.11,420.3,2020_ID,AF
AF5731.11,355,2020_ID,AF
AF5750.16,737.6,2020_ID,AF
AF5750.16,725.3,2020_ID,AF
AOR13064.2,616.3,2020_ID,AOR
AOR13064.2,633.7,2020_ID,AOR
CO11009.3RU,584.4,2020_ID,CO
CO11009.3RU,569.9,2020_ID,CO
A09086.1LB,610.7,2020_ID,A
A09086.1LB,662.2,2020_ID,A
A10007.3,537.9,2020_ID,A
A10007.3,656.4,2020_ID,A
A10071.1,474.1,2020_ID,A
A10071.1,588,2020_ID,A
A10508.2LB,620.6,2020_ID,A
A10508.2LB,543.7,2020_ID,A
A11326.1,620,2020_ID,A
A11326.1,624.3,2020_ID,A
A12114.7,651.4,2020_ID,A
A12114.7,472.6,2020_ID,A
A12115.16sto,786.2,2020_ID,A
A12115.16sto,775.4,2020_ID,A
A12314.1sto,580.1,2020_ID,A
A12314.1sto,563.3,2020_ID,A
W13A11229.1rus,665.8,2020_ID,W
W13A11229.1rus,651.2,2020_ID,W
NDAF113476CB.3,582.3,2020_ID,NDAF
NDAF113476CB.3,418.9,2020_ID,NDAF
NDAF113476CB.3,500.2,2020_ID,NDAF
RussetBurbank,525.6,2020_ID,RussetBurbank
RussetBurbank,580.9,2020_ID,RussetBurbank
RussetBurbank,630.2,2020_ID,RussetBurbank
RangerRusset,736.9,2020_ID,RangerRusset
RangerRusset,578.6,2020_ID,RangerRusset
RangerRusset,547.4,2020_ID,RangerRusset
CO12152.1RU,202.6,2020_ME,CO
CO12246.1RU,236.4,2020_ME,CO
CO12378.1RU,228.6,2020_ME,CO
AF5711.2,225.1,2020_ME,AF
AF5735.8,243.1,2020_ME,AF
AF5736.16,223.1,2020_ME,AF
AF5741.6,329.1,2020_ME,AF
AF5770.7,212.4,2020_ME,AF
AAF10596.1,328.7,2020_ME,AAF
COAF11018.10,295.7,2020_ME,COAF
ND1412Y.5Russ,347,2020_ME,ND
ND14110B.1Russ,316.4,2020_ME,ND
AF5707.1,299.7,2020_ME,AF
AF5707.1,225.7,2020_ME,AF
AF5731.11,270.6,2020_ME,AF
AF5731.11,240.9,2020_ME,AF
AF5750.16,264.9,2020_ME,AF
AF5750.16,229,2020_ME,AF
CO11009.3RU,201.2,2020_ME,CO
CO11009.3RU,182.9,2020_ME,CO
W13A11229.1rus,263.8,2020_ME,W
W13A11229.1rus,261.9,2020_ME,W
NDAF113476CB.3,308.8,2020_ME,NDAF
NDAF113476CB.3,178.4,2020_ME,NDAF
NDAF113476CB.3,152.6,2020_ME,NDAF
RussetBurbank,298.7,2020_ME,RussetBurbank
RussetBurbank,175,2020_ME,RussetBurbank
RussetBurbank,93.6,2020_ME,RussetBurbank
RangerRusset,174.8,2020_ME,RangerRusset
RangerRusset,149.4,2020_ME,RangerRusset
RangerRusset,147.4,2020_ME,RangerRusset
CO12152.1RU,393.9,2020_ND,CO
CO12246.1RU,424.3,2020_ND,CO
CO12378.1RU,289.7,2020_ND,CO
A08292.1LB,361.3,2020_ND,A
A09022.4,294.6,2020_ND,A
A09136.9LB,431.9,2020_ND,A
A10020.3sto,524,2020_ND,A
A10635.2VR,501,2020_ND,A
A12076.4sto,462.9,2020_ND,A
A12304.1sto,433.5,2020_ND,A
A12304.4sto,514.2,2020_ND,A
A12305.2adg,502.6,2020_ND,A
A12308.4VR,360.5,2020_ND,A
A12327.5VR,462.1,2020_ND,A
A13036.1,292.5,2020_ND,A
A13038.3,360.3,2020_ND,A
AFA5661.8,469.9,2020_ND,AFA
AF5711.2,448,2020_ND,AF
AF5735.8,500.5,2020_ND,AF
AF5736.16,397.2,2020_ND,AF
AF5741.6,518.9,2020_ND,AF
AF5770.7,351.1,2020_ND,AF
AAF10596.1,451,2020_ND,AAF
COAF11018.10,252.7,2020_ND,COAF
ND1412Y.5Russ,471.7,2020_ND,ND
ND14110B.1Russ,479.3,2020_ND,ND
AOR10093.11,164.7,2020_ND,AOR
AOR10129.1,204.4,2020_ND,AOR
AOR11027.4,282.2,2020_ND,AOR
AOR10654.11,254.9,2020_ND,AOR
AF5707.1,292.7,2020_ND,AF
AF5707.1,522.8,2020_ND,AF
AF5731.11,215.6,2020_ND,AF
AF5731.11,364.4,2020_ND,AF
AF5750.16,288.5,2020_ND,AF
AF5750.16,401.8,2020_ND,AF
AOR13064.2,309.4,2020_ND,AOR
AOR13064.2,320.7,2020_ND,AOR
CO11009.3RU,312.1,2020_ND,CO
CO11009.3RU,349.3,2020_ND,CO
A09086.1LB,342.1,2020_ND,A
A09086.1LB,327.2,2020_ND,A
A10007.3,250.4,2020_ND,A
A10007.3,245.6,2020_ND,A
A10071.1,313.8,2020_ND,A
A10071.1,373,2020_ND,A
A10508.2LB,210.7,2020_ND,A
A10508.2LB,284.6,2020_ND,A
A11326.1,312.2,2020_ND,A
A11326.1,339.9,2020_ND,A
A12114.7,197.3,2020_ND,A
A12114.7,375.4,2020_ND,A
A12115.16sto,321.3,2020_ND,A
A12115.16sto,544.4,2020_ND,A
A12314.1sto,1040.4,2020_ND,A
A12314.1sto,303.4,2020_ND,A
W13A11229.1rus,338.8,2020_ND,W
W13A11229.1rus,303.3,2020_ND,W
NDAF113476CB.3,346.6,2020_ND,NDAF
NDAF113476CB.3,374.9,2020_ND,NDAF
NDAF113476CB.3,376.6,2020_ND,NDAF
RussetBurbank,468.4,2020_ND,RussetBurbank
RussetBurbank,339.8,2020_ND,RussetBurbank
RangerRusset,152,2020_ND,RangerRusset
RangerRusset,344.2,2020_ND,RangerRusset
CO12152.1RU,492.4,2020_OR,CO
CO12246.1RU,637,2020_OR,CO
CO12378.1RU,778.8,2020_OR,CO
A08292.1LB,696.8,2020_OR,A
A09022.4,534.7,2020_OR,A
A09136.9LB,959.1,2020_OR,A
A10020.3sto,1018.6,2020_OR,A
A10635.2VR,757.9,2020_OR,A
A12076.4sto,767.7,2020_OR,A
A12304.1sto,907.6,2020_OR,A
A12304.4sto,549.4,2020_OR,A
A12305.2adg,1056.3,2020_OR,A
A12308.4VR,444.2,2020_OR,A
A12327.5VR,1108.8,2020_OR,A
A13036.1,896.6,2020_OR,A
A13038.3,801,2020_OR,A
AFA5661.8,832.5,2020_OR,AFA
AF5711.2,765.7,2020_OR,AF
AF5735.8,811.8,2020_OR,AF
AF5736.16,712.8,2020_OR,AF
AF5741.6,678.1,2020_OR,AF
AF5770.7,815.5,2020_OR,AF
AAF10596.1,635.4,2020_OR,AAF
COAF11018.10,641.3,2020_OR,COAF
ND1412Y.5Russ,1001.7,2020_OR,ND
ND14110B.1Russ,568.5,2020_OR,ND
AOR10093.11,884.8,2020_OR,AOR
AOR10129.1,843.2,2020_OR,AOR
AOR11027.4,730.4,2020_OR,AOR
AOR10654.11,848.8,2020_OR,AOR
AF5707.1,886.9,2020_OR,AF
AF5707.1,685.2,2020_OR,AF
AF5731.11,608.6,2020_OR,AF
AF5731.11,548.9,2020_OR,AF
AF5750.16,788,2020_OR,AF
AF5750.16,690.2,2020_OR,AF
AOR13064.2,778.9,2020_OR,AOR
AOR13064.2,693.1,2020_OR,AOR
CO11009.3RU,835.6,2020_OR,CO
CO11009.3RU,727.8,2020_OR,CO
A09086.1LB,999.2,2020_OR,A
A09086.1LB,954.9,2020_OR,A
A10007.3,595.6,2020_OR,A
A10007.3,645.9,2020_OR,A
A10071.1,989.7,2020_OR,A
A10071.1,828.5,2020_OR,A
A10508.2LB,868.4,2020_OR,A
A10508.2LB,707.5,2020_OR,A
A11326.1,873.1,2020_OR,A
A11326.1,942.8,2020_OR,A
A12114.7,543.7,2020_OR,A
A12114.7,652.3,2020_OR,A
A12115.16sto,1228.6,2020_OR,A
A12115.16sto,810.8,2020_OR,A
A12314.1sto,670.9,2020_OR,A
A12314.1sto,687,2020_OR,A
W13A11229.1rus,858.5,2020_OR,W
W13A11229.1rus,868.7,2020_OR,W
NDAF113476CB.3,470,2020_OR,NDAF
NDAF113476CB.3,408,2020_OR,NDAF
NDAF113476CB.3,581.3,2020_OR,NDAF
RussetBurbank,732.7,2020_OR,RussetBurbank
RussetBurbank,857.8,2020_OR,RussetBurbank
RussetBurbank,739.3,2020_OR,RussetBurbank
RangerRusset,846.5,2020_OR,RangerRusset
RangerRusset,952.4,2020_OR,RangerRusset
RangerRusset,942.8,2020_OR,RangerRusset
CO12152.1RU,433.6,2020_WA,CO
CO12246.1RU,719.4,2020_WA,CO
CO12378.1RU,637.9,2020_WA,CO
A08292.1LB,708,2020_WA,A
A09022.4,637.3,2020_WA,A
A09136.9LB,1221.6,2020_WA,A
A10020.3sto,1019.5,2020_WA,A
A10635.2VR,1266.8,2020_WA,A
A12076.4sto,603.5,2020_WA,A
A12304.1sto,1166.9,2020_WA,A
A12304.4sto,657.5,2020_WA,A
A12305.2adg,1234.3,2020_WA,A
A12308.4VR,489.5,2020_WA,A
A12327.5VR,1180.5,2020_WA,A
A13036.1,872.4,2020_WA,A
A13038.3,914.4,2020_WA,A
AFA5661.8,626,2020_WA,AFA
AF5711.2,618.7,2020_WA,AF
AF5735.8,1001.7,2020_WA,AF
AF5736.16,841,2020_WA,AF
AF5741.6,627.4,2020_WA,AF
AF5770.7,873.4,2020_WA,AF
AAF10596.1,771.9,2020_WA,AAF
COAF11018.10,705.3,2020_WA,COAF
ND1412Y.5Russ,1013.1,2020_WA,ND
ND14110B.1Russ,699.9,2020_WA,ND
AOR10093.11,919.1,2020_WA,AOR
AOR10129.1,762.7,2020_WA,AOR
AOR11027.4,878.4,2020_WA,AOR
AOR10654.11,976.5,2020_WA,AOR
AF5707.1,1024.3,2020_WA,AF
AF5707.1,1181.2,2020_WA,AF
AF5731.11,317.5,2020_WA,AF
AF5731.11,501.1,2020_WA,AF
AF5750.16,887.4,2020_WA,AF
AF5750.16,900.1,2020_WA,AF
AOR13064.2,1006,2020_WA,AOR
AOR13064.2,975,2020_WA,AOR
CO11009.3RU,1036.8,2020_WA,CO
CO11009.3RU,777.8,2020_WA,CO
A09086.1LB,1071.2,2020_WA,A
A09086.1LB,1248.9,2020_WA,A
A10007.3,683.5,2020_WA,A
A10007.3,738.3,2020_WA,A
A10071.1,977.8,2020_WA,A
A10071.1,1119.8,2020_WA,A
A10508.2LB,645.3,2020_WA,A
A10508.2LB,683.4,2020_WA,A
A11326.1,1068.9,2020_WA,A
A11326.1,1012.6,2020_WA,A
A12114.7,642,2020_WA,A
A12114.7,505.9,2020_WA,A
A12115.16sto,956.3,2020_WA,A
A12115.16sto,1012.3,2020_WA,A
A12314.1sto,644.2,2020_WA,A
A12314.1sto,671.5,2020_WA,A
W13A11229.1rus,1026.9,2020_WA,W
W13A11229.1rus,1255.8,2020_WA,W
NDAF113476CB.3,419.5,2020_WA,NDAF
NDAF113476CB.3,701.2,2020_WA,NDAF
NDAF113476CB.3,640.4,2020_WA,NDAF
RussetBurbank,691.4,2020_WA,RussetBurbank
RussetBurbank,417.2,2020_WA,RussetBurbank
RussetBurbank,865,2020_WA,RussetBurbank
RangerRusset,844,2020_WA,RangerRusset
RangerRusset,1050.3,2020_WA,RangerRusset
RangerRusset,984.8,2020_WA,RangerRusset
CO12152.1RU,365,2020_WI,CO
CO12246.1RU,591,2020_WI,CO
CO12378.1RU,434,2020_WI,CO
A08292.1LB,526,2020_WI,A
A09022.4,274,2020_WI,A
A09136.9LB,612,2020_WI,A
A10020.3sto,480,2020_WI,A
A10635.2VR,635,2020_WI,A
A12076.4sto,563,2020_WI,A
A12304.1sto,674,2020_WI,A
A12304.4sto,483,2020_WI,A
A12305.2adg,821,2020_WI,A
A12308.4VR,464,2020_WI,A
A12327.5VR,770,2020_WI,A
A13036.1,602,2020_WI,A
A13038.3,500,2020_WI,A
AFA5661.8,700,2020_WI,AFA
AF5711.2,427,2020_WI,AF
AF5735.8,414,2020_WI,AF
AF5736.16,522,2020_WI,AF
AF5741.6,569,2020_WI,AF
AF5770.7,637,2020_WI,AF
AAF10596.1,596,2020_WI,AAF
COAF11018.10,278,2020_WI,COAF
ND1412Y.5Russ,753,2020_WI,ND
ND14110B.1Russ,523,2020_WI,ND
AOR10093.11,436,2020_WI,AOR
AOR10129.1,591,2020_WI,AOR
AOR11027.4,408,2020_WI,AOR
AOR10654.11,770,2020_WI,AOR
AF5707.1,659,2020_WI,AF
AF5707.1,585,2020_WI,AF
AF5731.11,367,2020_WI,AF
AF5731.11,329,2020_WI,AF
AF5750.16,515,2020_WI,AF
AF5750.16,518,2020_WI,AF
AOR13064.2,394,2020_WI,AOR
AOR13064.2,537,2020_WI,AOR
CO11009.3RU,584,2020_WI,CO
CO11009.3RU,593,2020_WI,CO
A09086.1LB,706,2020_WI,A
A09086.1LB,703,2020_WI,A
A10007.3,478,2020_WI,A
A10007.3,570,2020_WI,A
A10071.1,448,2020_WI,A
A10071.1,511,2020_WI,A
A10508.2LB,387,2020_WI,A
A10508.2LB,452,2020_WI,A
A11326.1,676,2020_WI,A
A11326.1,721,2020_WI,A
A12114.7,477,2020_WI,A
A12114.7,457,2020_WI,A
A12115.16sto,678,2020_WI,A
A12115.16sto,722,2020_WI,A
A12314.1sto,213,2020_WI,A
A12314.1sto,271,2020_WI,A
W13A11229.1rus,468,2020_WI,W
W13A11229.1rus,639,2020_WI,W
NDAF113476CB.3,534,2020_WI,NDAF
NDAF113476CB.3,514,2020_WI,NDAF
NDAF113476CB.3,572,2020_WI,NDAF
RussetBurbank,515,2020_WI,RussetBurbank
RussetBurbank,552,2020_WI,RussetBurbank
RussetBurbank,525,2020_WI,RussetBurbank
RangerRusset,444,2020_WI,RangerRusset
RangerRusset,534,2020_WI,RangerRusset
RangerRusset,497,2020_WI,RangerRusset